No.,銘柄コード （Code）,ISINコード,銘柄 （Name）,Name,株数（※） No. of Shares（※）,評価金額(円） Valuation (yen),純資産比率 % of NAV
1,4063,JP3371200001,信越化学工業,"SHIN-ETSU CHEMICAL CO.,LTD.",57500,333500000,0.18653758954568486
2,4901,JP3814000000,富士フイルムホールディングス,FUJIFILM HOLDINGS CORPORATION,38700,145976400,0.08164943264334847
3,4452,JP3205800000,花王,KAO CORPORATION,30700,100327600,0.05611654773284454
4,4004,JP3368000000,レゾナック・ホールディングス,RESONAC HOLDINGS CORPORATION,6000,82350000,0.04606108095678305
5,3407,JP3111200006,旭化成,ASAHI KASEI CORPORATION,42900,73895250,0.04133205941192135
6,6988,JP3684000007,日東電工,NITTO DENKO CORPORATION,19700,65502500,0.03663771651938898
7,4188,JP3897700005,三菱ケミカルグループ,MITSUBISHI CHEMICAL GROUP CORPORATION,45300,53816400.00000001,0.030101293955101638
8,3402,JP3621000003,東レ,"TORAY INDUSTRIES,INC.",43600,50488800.00000001,0.02824005712460023
9,4911,JP3351600006,資生堂,"SHISEIDO COMPANY,LIMITED",14500,45733000,0.02557998075769957
10,4091,JP3711600001,日本酸素ホールディングス,NIPPON SANSO HOLDINGS CORPORATION,7300,42201300,0.0236045840410624
11,4612,JP3749400002,日本ペイントホールディングス,"NIPPON PAINT HOLDINGS CO.,LTD.",34400,41624000.00000001,0.02328168104122815
12,8113,JP3951600000,ユニ・チャーム,UNICHARM CORPORATION,40500,40763250,0.02280023507360761
13,4204,JP3419400001,積水化学工業,"SEKISUI CHEMICAL CO.,LTD.",12700,33845500.00000001,0.01893090850665211
14,4186,JP3571800006,東京応化工業,"TOKYO OHKA KOGYO CO.,LTD.",3100,27534200.000000004,0.015400789499456663
15,4005,JP3401400001,住友化学,"SUMITOMO CHEMICAL COMPANY,LIMITED",52100,27159730,0.015191336032718512
16,4042,JP3595200001,東ソー,TOSOH CORPORATION,9400,25478700,0.014251080308118863
17,4021,JP3670800006,日産化学,NISSAN CHEMICAL CORPORATION,3300,24759900,0.013849031674339438
18,4183,JP3888300005,三井化学,"MITSUI CHEMICALS,INC.",11600,24574600.000000004,0.013745387250522902
19,4403,JP3753400005,日油,NOF CORPORATION,7400,20634900.000000004,0.011541782628234644
20,3861,JP3174410005,王子ホールディングス,OJI HOLDINGS CORPORATION,22100,19443580,0.010875437917057534
21,4182,JP3896800004,三菱瓦斯化学,"MITSUBISHI GAS CHEMICAL COMPANY,INC.",4600,19324600,0.01080888846457134
22,4980,JP3548770001,デクセリアルズ,DEXERIALS CORPORATION,5500,18172000,0.010164201131107003
23,3405,JP3269600007,クラレ,"KURARAY CO.,LTD.",8800,16192000.000000002,0.009056721588976701
24,4613,JP3229400001,関西ペイント,"KANSAI PAINT CO.,LTD.",5200,14726400.000000002,0.008236962994559442
25,4626,JP3449100001,太陽ホールディングス,"TAIYO HOLDINGS CO.,LTD.",3100,14647500.000000002,0.008192831612804857
26,4912,JP3965400009,ライオン,LION CORPORATION,8100,13834800.000000002,0.007738261600739554
27,4203,JP3409400003,住友ベークライト,"SUMITOMO BAKELITE COMPANY,LIMITED",2100,13677300,0.007650166637161006
28,7988,JP3756200006,ニフコ,NIFCO INC.,2400,12501600,0.006992558709038483
29,4631,JP3493400000,ＤＩＣ,DIC CORPORATION,2500,11060000,0.006186224109071288
30,4967,JP3301100008,小林製薬,"KOBAYASHI PHARMACEUTICAL CO.,LTD.",1900,10617200.000000002,0.005938551411467603
31,4208,JP3158800007,ＵＢＥ,UBE CORPORATION,3300,10503900,0.005875178971001258
32,4205,JP3725400000,日本ゼオン,ZEON CORPORATION,4500,10174500,0.005690934647174125
33,4202,JP3485800001,ダイセル,DAICEL CORPORATION,6800,9863400,0.005516926119115167
34,3941,JP3981400009,レンゴー,"RENGO CO.,LTD.",6500,9698000.000000002,0.005424412424030142
35,4401,JP3114800000,ＡＤＥＫＡ,ADEKA CORPORATION,2400,9468000.000000002,0.005295765810550359
36,3401,JP3544000007,帝人,TEIJIN LIMITED,5700,9330900.000000002,0.005219081242254367
37,4061,JP3549600009,デンカ,DENKA COMPANY LIMITED,2600,8918000,0.004988132604403051
38,4043,JP3625000009,トクヤマ,TOKUYAMA CORPORATION,2300,8721600.000000002,0.00487827958315336
39,8111,JP3306600002,ゴールドウイン,GOLDWIN INC.,3800,8707700,0.004870504853034363
40,4114,JP3715200006,日本触媒,"NIPPON SHOKUBAI CO.,LTD.",4000,8632000.000000002,0.004828163337206454
41,4118,JP3215800008,カネカ,KANEKA CORPORATION,1500,8577000,0.004797400016591721
42,4272,JP3694400007,日本化薬,"NIPPON KAYAKU CO.,LTD.",4300,8264600.000000001,0.004622664355500052
43,4368,JP3822600007,扶桑化学工業,"FUSO CHEMICAL CO.,LTD.",2100,7864500.000000001,0.0043988751813554385
44,4922,JP3283650004,コーセーホールディングス,KOSE HOLDINGS CORPORATION,1300,7390500,0.004133751290966669
45,4206,JP3100800006,アイカ工業,"AICA KOGYO COMPANY,LIMITED",1600,5899200.000000001,0.0032996178358258
46,3591,JP3992400006,ワコールホールディングス,WACOAL HOLDINGS CORP.,1300,5722600.000000001,0.0032008396099974107
47,4095,JP3744600002,日本パーカライジング,"NIHON PARKERIZING CO.,LTD.",3200,5315200,0.002972967304207569
48,4927,JP3855900001,ポーラ・オルビスホールディングス,POLA ORBIS HOLDINGS INC.,3900,5227950.000000001,0.002924165491050565
49,4045,JP3556400004,東亞合成,"TOAGOSEI CO.,LTD.",2900,5208400.000000001,0.0029132305289047834
50,3863,JP3721600009,日本製紙,"NIPPON PAPER INDUSTRIES CO.,LTD.",3700,5091200,0.0028476766893403022
51,4041,JP3726200003,日本曹達,"NIPPON SODA CO.,LTD.",1300,4985500,0.0027885551804498108
52,3106,JP3268800004,倉敷紡績,KURABO INDUSTRIES LTD.,500,4950000.000000001,0.002768698855325758
53,4634,JP3606600009,ａｒｔｉｅｎｃｅ,"ARTIENCE CO.,LTD.",1100,4906000,0.0027440881988339727
54,4617,JP3522600000,中国塗料,"CHUGOKU MARINE PAINTS,LTD.",1300,4660500.000000001,0.0026067719222718578
55,3569,JP3413800008,セーレン,"SEIREN CO.,LTD.",1400,4452000,0.0024901509704869235
56,4971,JP3920890005,メック,MEC COMPANY LTD.,500,4260000.000000001,0.00238275901488641
57,3101,JP3619800000,東洋紡,"TOYOBO CO.,LTD.",2800,4256000.000000001,0.002380521682478066
58,4975,JP3166200000,ＪＣＵ,JCU CORPORATION,700,4137000.0000000005,0.0023139610433298304
59,4046,JP3485900009,大阪ソーダ,"OSAKA SODA CO.,LTD.",2300,4066400.0000000005,0.002274472126322558
60,4189,JP3277040006,ＫＨネオケム,"KH NEOCHEM CO.,LTD.",1200,3966000.0000000005,0.002218315082873122
61,4958,JP3768500005,長谷川香料,"T.HASEGAWA CO.,LTD.",1200,3900000,0.002181399098135445
62,4461,JP3475000000,第一工業製薬,DKS CO.LTD.,300,3786000.0000000005,0.00211763512449764
63,4099,JP3349600001,四国化成ホールディングス,SHIKOKU KASEI HOLDINGS CORPORATION,1300,3628300.0000000005,0.0020294282942986764
64,3002,JP3275200008,グンゼ,GUNZE LIMITED,900,3618000.0000000005,0.00202366716334719
65,4633,JP3314800008,サカタインクス,SAKATA INX CORPORATION,1400,3500000,0.0019576658573010404
66,4047,JP3232600001,関東電化工業,"KANTO DENKA KOGYO CO.,LTD.",1300,3469700,0.0019407180643078344
67,3201,JP3700800000,日本毛織,"THE JAPAN WOOL TEXTILE CO.,LTD.",1800,3441600.0000000005,0.0019250008041392177
68,4023,JP3271600003,クレハ,KUREHA CORPORATION,800,3432000.0000000005,0.001919631206359192
69,3612,JP3990210001,ワールド,"WORLD CO.,LTD.",2100,3370500,0.0018852322205809022
70,3880,JP3440400004,大王製紙,DAIO PAPER CORPORATION,3300,3273600.0000000005,0.0018310328429887678
71,4028,JP3136800004,石原産業,"ISHIHARA SANGYO KAISHA,LTD.",1100,3262600.0000000005,0.0018248801788658218
72,7995,JP3744200001,バルカー,"VALQUA,LTD.",500,3245000,0.0018150359162691077
73,4044,JP3425000001,セントラル硝子,"CENTRAL GLASS CO.,LTD.",800,3184000.0000000005,0.0017809165970418613
74,3104,JP3820800005,富士紡ホールディングス,"FUJIBO HOLDINGS,INC.",900,3132000,0.0017518312757333883
75,7947,JP3167000003,エフピコ,FP CORPORATION,1200,3027600,0.0016934368998756087
76,7970,JP3371600002,信越ポリマー,"SHIN-ETSU POLYMER CO.,LTD.",1400,3000200,0.001678111172878452
77,4928,JP3760450001,ノエビアホールディングス,"NOEVIR HOLDINGS CO.,LTD.",600,2982000.0000000005,0.001667931310420487
78,3865,JP3841800000,北越コーポレーション,HOKUETSU CORPORATION,3200,2934400.0000000005,0.0016413070547611928
79,4914,JP3454400007,高砂香料工業,TAKASAGO INTERNATIONAL CORPORATION,2400,2904000.0000000005,0.001624303328457778
80,8016,JP3203500008,オンワードホールディングス,"ONWARD HOLDINGS CO.,LTD.",3800,2899400.0000000005,0.0016217303961881824
81,4985,JP3100190002,アース製薬,EARTH CORPORATION,600,2838000,0.001587387343720101
82,4956,JP3300800004,コニシ,"KONISHI CO.,LTD.",2000,2828000,0.0015817940126992408
83,4919,JP3910650005,ミルボン,"MILBON CO.,LTD.",1000,2781000,0.0015555053569011983
84,7917,JP3821000001,ＺＡＣＲＯＳ,ZACROS CORPORATION,2000,2712000.0000000005,0.0015169113728572636
85,5208,JP3126000003,有沢製作所,"ARISAWA MFG.CO.,LTD.",1100,2681800.0000000005,0.001500019513174266
86,4369,JP3636000006,トリケミカル研究所,TRI CHEMICAL LABORATORIES INC.,800,2596000,0.0014520287330152862
87,4220,JP3973000007,リケンテクノス,RIKEN TECHNOS CORPORATION,1100,2437600.0000000005,0.0013634303696448621
88,4216,JP3117200000,旭有機材,ASAHI YUKIZAI CORPORATION,400,2432000.0000000005,0.0013602981042731804
89,4078,JP3312800000,堺化学工業,"SAKAI CHEMICAL INDUSTRY CO.,LTD.",600,2412000.0000000005,0.0013491114422314603
90,4212,JP3420200002,積水樹脂,SEKISUI JUSHI CORPORATION,800,2360800,0.0013204735874046561
91,3708,JP3624900001,特種東海製紙,"TOKUSHU TOKAI PAPER CO.,LTD.",1100,2294600.0000000005,0.0012834457360465625
92,4187,JP3187000009,大阪有機化学工業,OSAKA ORGANIC CHEMICAL INDUSTRY LTD.,500,2267500.0000000005,0.0012682878089800315
93,3001,JP3211400001,片倉工業,"KATAKURA INDUSTRIES CO.,LTD.",800,2256800,0.001262302944787711
94,4996,JP3267600009,クミアイ化学工業,"KUMIAI CHEMICAL INDUSTRY CO.,LTD.",2900,2128600,0.0011905964411002843
95,3608,JP3538690003,ＴＳＩホールディングス,"TSI HOLDINGS CO.,LTD.",1700,2091000.0000000002,0.0011695655164618503
96,3302,JP3540800004,帝国繊維,"TEIKOKU SEN-I CO.,LTD.",600,2052000,0.0011477515254804957
97,3950,JP3345900009,ザ・パック,THE PACK CORPORATION,1400,2031400.0000000002,0.001136229263577524
98,4022,JP3967400007,ラサ工業,"RASA INDUSTRIES,LTD.",1100,2008600.0000000002,0.001123476468849963
99,4471,JP3337600005,三洋化成工業,"SANYO CHEMICAL INDUSTRIES,LTD.",400,1946000.0000000002,0.0010884622166593787
100,4116,JP3492200005,大日精化工業,"DAINICHISEIKA COLOR & CHEMICALS MFG.CO.,",1700,1893800.0000000002,0.001059265028730489
101,3103,JP3951200009,ユニチカ,UNITIKA LTD.,2200,1826000.0000000002,0.0010213422444090574
102,3946,JP3554000004,トーモク,"TOMOKU CO.,LTD.",400,1806000.0000000002,0.001010155582367337
103,4092,JP3691600005,日本化学工業,"NIPPON CHEMICAL INDUSTRIAL CO.,LTD.",300,1779000.0000000002,0.0009950535886110148
104,4221,JP3178400002,大倉工業,"OKURA INDUSTRIAL CO.,LTD.",300,1665000,0.0009312896149732094
105,4109,JP3399720006,ステラ　ケミファ,STELLA CHEMIFA CORPORATION,300,1551000,0.000867525641335404
106,4025,JP3461000006,多木化学,"TAKI CHEMICAL CO.,LTD.",300,1489500.0000000002,0.0008331266555571145
107,8011,JP3339400008,三陽商会,SANYO SHOKAI LTD.,300,1470000,0.0008222196600664371
108,4008,JP3405600002,住友精化,"SUMITOMO SEIKA CHEMICALS COMPANY,LIMITED",1200,1467600,0.0008208772606214306
109,4246,JP3481300006,ダイキョーニシカワ,DAIKYONISHIKAWA CORPORATION,1400,1442000.0000000002,0.0008065583332080288
110,4275,JP3205320009,カーリット,"CARLIT CO.,LTD.",600,1392600,0.0007789272779649798
111,4997,JP3741800001,日本農薬,"NIHON NOHYAKU CO.,LTD.",1000,1077000,0.0006024017509466345
112,4082,JP3474350000,第一稀元素化学工業,"DAIICHI KIGENSO KAGAKU-KOGYO CO.,LTD",600,1053000,0.0005889777564965702
113,4362,JP3720000003,日本精化,"NIPPON FINE CHEMICAL CO.,LTD.",400,1031200,0.0005767842948710952
114,7931,JP3910600000,未来工業,"MIRAI INDUSTRY CO.,LTD.",300,1020000.0000000001,0.0005705197641277319
115,7942,JP3386000008,ＪＳＰ,JSP CORPORATION,400,1013200.0000000001,0.000566716299033547
116,4611,JP3495400008,大日本塗料,"DAI NIPPON TORYO COMPANY,LIMITED",700,979300.0000000001,0.0005477549068728312
117,4097,JP3285800003,高圧ガス工業,"KOATSU GAS KOGYO CO.,LTD.",900,963900.0000000001,0.0005391411771007066
118,4064,JP3690000009,日本カーバイド工業,"NIPPON CARBIDE INDUSTRIES COMPANY,INCORP",300,961500.0000000001,0.0005377987776557002
119,4992,JP3851000004,北興化学工業,"HOKKO CHEMICAL INDUSTRY CO.,LTD.",500,924000.0000000001,0.0005168237863274748
120,4968,JP3125000004,荒川化学工業,"ARAKAWA CHEMICAL INDUSTRIES,LTD.",500,909500.0000000001,0.0005087134563472276
121,4951,JP3162800001,エステー,S.T.CORPORATION,600,908400.0000000001,0.000508098189934933
122,4027,JP3539300008,テイカ,TAYCA CORPORATION,400,889600.0000000001,0.0004975827276157159
123,4229,JP3274800006,群栄化学工業,"GUN EI CHEMICAL INDUSTRY CO.,LTD.",200,876000,0.0004899757974273462
124,4462,JP3136900002,石原ケミカル,"ISHIHARA CHEMICAL CO.,LTD.",300,870300.0000000001,0.00048678759874545597
125,4973,JP3706600008,日本高純度化学,"JAPAN PURE CHEMICAL CO.,LTD.",200,857000.0000000001,0.000479348468487712
126,4923,JP3298900006,コタ,"COTA CO.,LTD.",700,851200,0.0004761043364956131
127,4112,JP3852600000,保土谷化学工業,"HODOGAYA CHEMICAL CO.,LTD.",400,816400,0.0004566395445430199
128,4931,JP3381200009,新日本製薬,"SHINNIHONSEIYAKU CO.,LTD.",400,808800,0.0004523886129671662
129,4218,JP3662400005,ニチバン,"NICHIBAN CO.,LTD.",400,778800,0.0004356086199045858
130,7888,JP3330900006,三光合成,SANKO GOSEI LTD.,800,778400.0000000001,0.0004353848866637515
131,4249,JP3927450001,森六,"MORIROKU COMPANY,LTD.",300,754800.0000000001,0.0004221846254545216
132,3580,JP3304600004,小松マテーレ,"KOMATSU MATERE CO.,LTD.",900,639000,0.0003574138522329614
133,4620,JP3811200009,藤倉化成,"FUJIKURA KASEI CO.,LTD.",700,604800,0.0003382846601416198
134,7874,JP3410800001,レック,"LEC,INC.",600,582000,0.00032553186541405877
135,4410,JP3772600007,ハリマ化成グループ,"HARIMA CHEMICALS GROUP,INC.",500,560000.0000000001,0.00031322653716816656
136,4228,JP3419800002,積水化成品工業,"SEKISUI KASEI CO.,LTD.",1000,530000.0000000001,0.00029644654410558623
137,5142,JP3108000005,アキレス,ACHILLES CORPORATION,400,519200,0.00029040574660305725
138,8029,JP3981000007,ルックホールディングス,LOOK HOLDINGS INCORPORATED,200,518800.00000000006,0.00029018201336222283
139,4994,JP3444900009,大成ラミックグループ,TAISEI LAMICK GROUP HEAD QUARTER & INNOV,200,506000.00000000006,0.0002830225496555219
140,4251,JP3281610000,恵和,KEIWA INCORPORATED,400,494400.00000000006,0.00027653428567132415
141,4979,JP3174220008,ＯＡＴアグリオ,"OAT AGRIO CO.,LTD.",200,486800,0.00027228335409547046
142,3109,JP3348400007,シキボウ,SHIKIBO LTD.,400,416800,0.00023313003694944964
143,4933,JP3100680002,Ｉ－ｎｅ,"I-NE CO.,LTD.",300,376800.00000000006,0.0002107567128660092
144,2930,JP3240100002,北の達人コーポレーション,KITANOTATSUJIN CORPORATION,2700,321300,0.00017971372570023552
145,4100,JP3627400009,戸田工業,TODA KOGYO CORP.,100,140300.00000000003,7.847443422266745e-05
146,4936,JP3108220009,アクシージア,AXXZIA INC.,300,95400,5.336037793900551e-05
,,,,,,,
,,,合計（Total）,,,1782424560,0.9969690583790938
,,,,,,,
,,,純資産総額,Total Net Assets of the Fund (NAV),,1787843409,1
,,,,,,,
※先物が組入れられている場合は、枚数です。,,,,,,,
※Please note: it refers to the number of contracts in case of futures.,,,,,,,
1620,NEXT FUNDS 素材・化学（TOPIX-17）上場投信　（NEXT FUNDS TOPIX-17 RAW MATERIALS & CHEMICALS ETF）,,,,,,
,"2026年7月31日現在　（as of July 31, 2026）",,,ISINコード：,JP3046590000,,
