No.,銘柄コード （Code）,ISINコード,銘柄 （Name）,国（地域）名,Country (Region),通貨,Currency,株数（※） No. of Shares（※）,評価金額(円） Valuation (yen),純資産比率 % of NAV,MOTHER FUND/DIRECT
1,WELL,US95040Q1040,WELLTOWER INC,アメリカ,US,アメリカ・ドル,USD,106149.9208,4019945651.5569406,0.09322873587617997,MOTHER FUND
2,PLD,US74340W1036,PROLOGIS INC,アメリカ,US,アメリカ・ドル,USD,140187.9912,3293808929.6284,0.07638850605057229,MOTHER FUND
3,EQIX,US29444U7000,EQUINIX INC,アメリカ,US,アメリカ・ドル,USD,14827.6761,2496373039.87654,0.057894738624868665,MOTHER FUND
4,SPG,US8288061091,SIMON PROPERTY GROUP INC,アメリカ,US,アメリカ・ドル,USD,48751.2337,1805566134.3321102,0.0418738616974656,MOTHER FUND
5,DLR,US2538681030,DIGITAL REALTY TRUST INC,アメリカ,US,アメリカ・ドル,USD,52276.8407,1623169598.43422,0.03764380488976507,MOTHER FUND
6,O,US7561091049,REALTY INCOME CORP,アメリカ,US,アメリカ・ドル,USD,140156.7605,1451349828.1560602,0.03365903957947675,MOTHER FUND
7,PSA,US74460D1090,PUBLIC STORAGE,アメリカ,US,アメリカ・ドル,USD,25210.1724,1286237216.44726,0.02982982361461311,MOTHER FUND
8,VTR,US92276F1003,VENTAS INC,アメリカ,US,アメリカ・ドル,USD,73066.124,1079433790.26366,0.02503373340118132,MOTHER FUND
9,GMG,AU000000GMG2,GOODMAN GROUP,オーストラリア,AU,オーストラリア・ドル,AUD,310746.1723,1028056228.8476502,0.023842208560202374,MOTHER FUND
10,IRM,US46284V1017,IRON MOUNTAIN INC,アメリカ,US,アメリカ・ドル,USD,44705.1138,895539133.362254,0.020768932858253118,MOTHER FUND
11,EXR,US30225T1025,EXTRA SPACE STORAGE INC,アメリカ,US,アメリカ・ドル,USD,31740.8737,756077488.6643361,0.01753460235595785,MOTHER FUND
12,VICI,US9256521090,VICI PROPERTIES INC,アメリカ,US,アメリカ・ドル,USD,164169.7533,694198894.166427,0.016099542371850725,MOTHER FUND
13,AVB,US0534841012,AVALONBAY COMMUNITIES INC,アメリカ,US,アメリカ・ドル,USD,20865.6252,629724600.9758681,0.014604284134133512,MOTHER FUND
14,EQR,US29476L1070,EQUITY RESIDENTIAL,アメリカ,US,アメリカ・ドル,USD,51218.4646,552520538.959056,0.01281380293607405,MOTHER FUND
15,ESS,US2971781057,ESSEX PROPERTY TRUST INC,アメリカ,US,アメリカ・ドル,USD,9646.8382,437006971.20676905,0.010134865250953298,MOTHER FUND
16,SGRO,GB00B5ZN1N88,SEGRO PLC,イギリス,GB,イギリス・ポンド,GBP,203208.2172,424917685.115996,0.009854496072466586,MOTHER FUND
17,KIM,US49446R1095,KIMCO REALTY CORP,アメリカ,US,アメリカ・ドル,USD,101222.3992,415008516.440197,0.009624687177196873,MOTHER FUND
18,WPC,US92936U1097,WP CAREY INC,アメリカ,US,アメリカ・ドル,USD,33416.9251,397866507.998002,0.0092271375792749,MOTHER FUND
19,INVH,US46187W1071,INVITATION HOMES INC,アメリカ,US,アメリカ・ドル,USD,82032.8254,391178646.5750921,0.009072035764420394,MOTHER FUND
20,HST,US44107P1049,HOST HOTELS & RESORTS INC,アメリカ,US,アメリカ・ドル,USD,95600.8604,385507104.192039,0.008940503954622063,MOTHER FUND
21,MAA,US59522J1034,MID-AMERICA APARTMENT COMM,アメリカ,US,アメリカ・ドル,USD,17464.9412,374224620.65517503,0.008678845770940337,MOTHER FUND
22,DOC,US42250P1030,HEALTHPEAK PROPERTIES INC,アメリカ,US,アメリカ・ドル,USD,103443.254,366756319.26624703,0.008505644350328492,MOTHER FUND
23,OHI,US6819361006,OMEGA HEALTHCARE INVESTORS,アメリカ,US,アメリカ・ドル,USD,44694.7035,362039970.36386704,0.008396264949651868,MOTHER FUND
24,URW,FR0013326246,UNIBAIL-RODAMCO-WESTFIELD,フランス,FR,ユーロ,EUR,18283.8814,353702417.718175,0.00820290425255938,MOTHER FUND
25,SCG,AU000000SCG8,SCENTRE GROUP,オーストラリア,AU,オーストラリア・ドル,AUD,791873.5513,348947790.994717,0.008092637130211739,MOTHER FUND
26,SUI,US8666741041,SUN COMMUNITIES INC,アメリカ,US,アメリカ・ドル,USD,17381.6592,347605191.59701604,0.008061500180738977,MOTHER FUND
27,LAMR,US5128161099,LAMAR ADVERTISING CO-A,アメリカ,US,アメリカ・ドル,USD,13061.4025,337241075.603593,0.007821140355932215,MOTHER FUND
28,REG,US7588491032,REGENCY CENTERS CORP,アメリカ,US,アメリカ・ドル,USD,24717.4203,319236833.111891,0.00740359422138199,MOTHER FUND
29,823,HK0823032773,LINK REIT,香港,HK,香港・ドル,HKD,389690.6214,315398052.91463006,0.0073145669916336135,MOTHER FUND
30,ELS,US29472R1086,EQUITY LIFESTYLE PROPERTIES,アメリカ,US,アメリカ・ドル,USD,29079.318,306262841.737796,0.007102707363718411,MOTHER FUND
31,GLPI,US36467J1088,GAMING AND LEISURE PROPERTIE,アメリカ,US,アメリカ・ドル,USD,42473.8487,305208208.093953,0.007078248783938883,MOTHER FUND
32,CICT,SG1M51904654,CAPITALAND INTEGRATED COMMERCIAL TRUST,シンガポール,SG,シンガポール・ドル,SGD,905968.5803,282501568.87334806,0.0065516468211204056,MOTHER FUND
33,CPT,US1331311027,CAMDEN PROPERTY TRUST,アメリカ,US,アメリカ・ドル,USD,15074.0522,274467871.850834,0.006365333004282824,MOTHER FUND
34,UDR,US9026531049,UDR INC,アメリカ,US,アメリカ・ドル,USD,44347.6949,272985606.709794,0.006330956990945686,MOTHER FUND
35,EGP,US2772761019,EASTGROUP PROPERTIES,アメリカ,US,アメリカ・ドル,USD,8047.1287,271057048.99181604,0.006286230764848152,MOTHER FUND
36,AHR,US3981823038,AMERICAN HEALTHCARE REIT INC,アメリカ,US,アメリカ・ドル,USD,28905.8137,258907222.398302,0.006004457558787666,MOTHER FUND
37,BXP,US1011211018,BXP INC,アメリカ,US,アメリカ・ドル,USD,22243.2492,256215592.14610702,0.005942034504445867,MOTHER FUND
38,AMH,US02665T3068,AMERICAN HOMES 4 RENT-A,アメリカ,US,アメリカ・ドル,USD,47470.7721,253375777.437247,0.0058761748241471885,MOTHER FUND
39,LI,FR0000121964,KLEPIERRE,フランス,FR,ユーロ,EUR,33104.6174,242068907.179276,0.005613951074814073,MOTHER FUND
40,CTRE,US14174T1079,CARETRUST REIT INC,アメリカ,US,アメリカ・ドル,USD,35394.8739,236875974.628072,0.005493518964730318,MOTHER FUND
41,FRT,US3137451015,FEDERAL REALTY INVS TRUST,アメリカ,US,アメリカ・ドル,USD,11780.9409,234956078.243942,0.005448993608315023,MOTHER FUND
42,BRX,US11120U1051,BRIXMOR PROPERTY GROUP INC,アメリカ,US,アメリカ・ドル,USD,45978.6352,232775116.90413302,0.005398413753180301,MOTHER FUND
43,ADC,US0084921008,AGREE REALTY CORP,アメリカ,US,アメリカ・ドル,USD,17968.1036,226435033.713847,0.005251377451594667,MOTHER FUND
44,CUBE,US2296631094,CUBESMART,アメリカ,US,アメリカ・ドル,USD,33937.4379,224940487.93959802,0.0052167166314444355,MOTHER FUND
45,NNN,US6374171063,NNN REIT INC,アメリカ,US,アメリカ・ドル,USD,28489.4034,220424246.38585603,0.00511197802862184,MOTHER FUND
46,FR,US32054K1034,FIRST INDUSTRIAL REALTY TR,アメリカ,US,アメリカ・ドル,USD,19848.8901,210483695.99024403,0.004881441342898879,MOTHER FUND
47,REXR,US76169C1009,REXFORD INDUSTRIAL REALTY INC,アメリカ,US,アメリカ・ドル,USD,33555.7285,206986283.042321,0.004800330945835285,MOTHER FUND
48,CLAR,SG1M77906915,CAPITALAND ASCENDAS REIT,シンガポール,SG,シンガポール・ドル,SGD,627994.9382,202901019.88341102,0.004705587396285257,MOTHER FUND
49,RHP,US78377T1079,RYMAN HOSPITALITY PROPERTIES,アメリカ,US,アメリカ・ドル,USD,9452.5134,202434459.57706404,0.00469476714363983,MOTHER FUND
50,ARE,US0152711091,ALEXANDRIA REAL ESTATE EQUIT,アメリカ,US,アメリカ・ドル,USD,23492.48,198187091.01878002,0.004596264120014203,MOTHER FUND
51,CHC,AU000000CHC0,CHARTER HALL GROUP,オーストラリア,AU,オーストラリア・ドル,AUD,71830.7735,189187668.458559,0.004387553639418518,MOTHER FUND
52,TRNO,US88146M1018,TERRENO REALTY CORP,アメリカ,US,アメリカ・ドル,USD,15927.6933,185157484.58155304,0.0042940874633132994,MOTHER FUND
53,AED,BE0003851681,AEDIFICA,ベルギー,BE,ユーロ,EUR,13838.7017,182017343.32664803,0.0042212627474980365,MOTHER FUND
54,SGP,AU000000SGP0,STOCKLAND TRUST GROUP,オーストラリア,AU,オーストラリア・ドル,AUD,370258.1417,180729219.415943,0.004191389168535496,MOTHER FUND
55,VCX,AU000000VCX7,VICINITY CENTRES,オーストラリア,AU,オーストラリア・ドル,AUD,599977.8134,180325371.53896204,0.004182023313790013,MOTHER FUND
56,HR,US42226K1051,HEALTHCARE REALTY TRUST INC,アメリカ,US,アメリカ・ドル,USD,51877.7809,179512768.04282904,0.004163177786193464,MOTHER FUND
57,MRL,ES0105025003,MERLIN PROPERTIES SOCIMI SA,スペイン,ES,ユーロ,EUR,64960.0039,178697383.27302703,0.004144267756573564,MOTHER FUND
58,STAG,US85254J1025,STAG INDUSTRIAL INC,アメリカ,US,アメリカ・ドル,USD,28628.2068,177327372.97455204,0.00411249510606156,MOTHER FUND
59,MAC,US5543821012,MACERICH CO /THE,アメリカ,US,アメリカ・ドル,USD,43098.4641,176425217.67139003,0.004091572734027696,MOTHER FUND
60,LAND,GB00BYW0PQ60,LAND SECURITIES GROUP PLC,イギリス,GB,イギリス・ポンド,GBP,111493.8528,173901343.853092,0.004033040209962407,MOTHER FUND
61,GPT,AU000000GPT8,GPT GROUP,オーストラリア,AU,オーストラリア・ドル,AUD,292875.2311,170754577.510613,0.003960061848154603,MOTHER FUND
62,EPRT,US29670E1073,ESSENTIAL PROPERTIES REALTY,アメリカ,US,アメリカ・ドル,USD,32653.5062,164107196.372158,0.0038058988334916314,MOTHER FUND
63,VNO,US9290421091,VORNADO REALTY TRUST,アメリカ,US,アメリカ・ドル,USD,23839.4886,153834026.81319803,0.0035676481966820145,MOTHER FUND
64,LMP,GB00B4WFW713,LONDONMETRIC PROPERTY PLC,イギリス,GB,イギリス・ポンド,GBP,350478.6533,150121713.19439,0.0034815539218195283,MOTHER FUND
65,BLND,GB0001367019,BRITISH LAND,イギリス,GB,イギリス・ポンド,GBP,153030.7783,146920647.992276,0.003407316285762252,MOTHER FUND
66,KRG,US49803T3005,KITE REALTY GROUP TRUST,アメリカ,US,アメリカ・ドル,USD,30640.8565,142517879.28117204,0.0033052092930638687,MOTHER FUND
67,BBOX,GB00BG49KP99,TRITAX BIG BOX REIT PLC,イギリス,GB,イギリス・ポンド,GBP,373381.2188,138122786.05257502,0.003203280306635567,MOTHER FUND
68,SBRA,US78573L1061,SABRA HEALTH CARE REIT INC,アメリカ,US,アメリカ・ドル,USD,38066.8399,130437945.41830501,0.0030250570071575227,MOTHER FUND
69,PECO,US71844V2016,PHILLIPS EDISON & CO INC,アメリカ,US,アメリカ・ドル,USD,19016.0695,129707788.728779,0.0030081235480870793,MOTHER FUND
70,CUZ,US2227955026,COUSINS PROPERTIES INC,アメリカ,US,アメリカ・ドル,USD,24845.8134,127503486.89869502,0.0029570023910065885,MOTHER FUND
71,MGR,AU000000MGR9,MIRVAC GROUP,オーストラリア,AU,オーストラリア・ドル,AUD,599977.8134,121346772.75178002,0.0028142187001759487,MOTHER FUND
72,EPR,US26884U1097,EPR PROPERTIES,アメリカ,US,アメリカ・ドル,USD,11555.3853,118878189.543603,0.0027569684505825563,MOTHER FUND
73,OUT,US69007J3041,OUTFRONT MEDIA INC,アメリカ,US,アメリカ・ドル,USD,23110.7706,118599612.106543,0.0027505078104267198,MOTHER FUND
74,WDP,BE0974349814,WAREHOUSES DE PAUW SCA,ベルギー,BE,ユーロ,EUR,28454.7025,117782072.066526,0.0027315477967684684,MOTHER FUND
75,SKT,US8754651060,TANGER INC,アメリカ,US,アメリカ・ドル,USD,17350.4284,114330994.82563,0.0026515119961712194,MOTHER FUND
76,GFC,FR0010040865,GECINA SA,フランス,FR,ユーロ,EUR,7818.103,109270186.13355702,0.0025341440420322344,MOTHER FUND
77,DXS,AU000000DXS1,DEXUS/AU,オーストラリア,AU,オーストラリア・ドル,AUD,160664.9668,107831995.59171602,0.00250079018658571,MOTHER FUND
78,MRP,US6011371027,MILLROSE PROPERTIES-CL A,アメリカ,US,アメリカ・ドル,USD,23284.2749,105606257.30736601,0.00244917188508932,MOTHER FUND
79,CDP,US22002T1088,COPT DEFENSE PROPERTIES,アメリカ,US,アメリカ・ドル,USD,17038.1207,105016364.95095801,0.002435491372102872,MOTHER FUND
80,KRC,US49427F1084,KILROY REALTY CORP,アメリカ,US,アメリカ・ドル,USD,16135.8984,102541517.19711101,0.0023780958380394206,MOTHER FUND
81,COLD,US03064D1081,AMERICOLD REALTY TRUST INC,アメリカ,US,アメリカ・ドル,USD,43063.7632,100080668.11589001,0.002321024954771276,MOTHER FUND
82,BNL,US11135E2037,BROADSTONE NET LEASE INC-A,アメリカ,US,アメリカ・ドル,USD,28940.5145,100003369.18138401,0.002319232273333959,MOTHER FUND
83,IRT,US45378A1060,INDEPENDENCE REALTY TRUST IN,アメリカ,US,アメリカ・ドル,USD,35498.9765,95223050.984605,0.0022083693261199834,MOTHER FUND
84,SHC,GB00B62G9D36,SHAFTESBURY CAPITAL PLC,イギリス,GB,イギリス・ポンド,GBP,293222.2396,92611839.96795651,0.0021478113178061624,MOTHER FUND
85,SLG,US78440X8873,SL GREEN REALTY CORP,アメリカ,US,アメリカ・ドル,USD,10722.5647,92387753.6332779,0.002142614410305405,MOTHER FUND
86,HIW,US4312841087,HIGHWOODS PROPERTIES INC,アメリカ,US,アメリカ・ドル,USD,16656.4112,90483222.44151331,0.0020984453963844834,MOTHER FUND
87,NHI,US63633D1046,NATL HEALTH INVESTORS INC,アメリカ,US,アメリカ・ドル,USD,7314.9406,89432247.30899821,0.0020740716631217626,MOTHER FUND
88,APLE,US03784Y2000,APPLE HOSPITALITY REIT INC,アメリカ,US,アメリカ・ドル,USD,33139.3182,88467371.94228141,0.002051694716139349,MOTHER FUND
89,UTG,GB0006928617,UNITE GROUP PLC,イギリス,GB,イギリス・ポンド,GBP,73912.8249,87303005.1671332,0.002024691255905689,MOTHER FUND
90,LXP,US5290434084,LXP INDUSTRIAL TRUST,アメリカ,US,アメリカ・ドル,USD,8883.4193,86706841.67189111,0.0020108653055435446,MOTHER FUND
91,KDCREIT,SG1AF6000009,KEPPEL DC REIT,シンガポール,SG,シンガポール・ドル,SGD,298896.1767,83470613.0505942,0.0019358121755956382,MOTHER FUND
92,COV,FR0000064578,COVIVIO,フランス,FR,ユーロ,EUR,8154.7013,81518308.84231651,0.0018905352317859672,MOTHER FUND
93,PHP,GB00BYRJ5J14,PRIMARY HEALTH PROPERTIES,イギリス,GB,イギリス・ポンド,GBP,387608.57,80874638.48613282,0.00187560752409302,MOTHER FUND
94,MLT,SG1S03926213,MAPLETREE LOGISTICS TRUST,シンガポール,SG,シンガポール・ドル,SGD,511483.6885,80066377.8022234,0.0018568627130058086,MOTHER FUND
95,MINT,SG2C32962814,MAPLETREE INDUSTRIAL TRUST,シンガポール,SG,シンガポール・ドル,SGD,318553.8651,76992525.9409992,0.0017855753504063701,MOTHER FUND
96,DLN,GB0002652740,DERWENT LONDON PLC,イギリス,GB,イギリス・ポンド,GBP,16691.1121,76404280.1402445,0.0017719330235834712,MOTHER FUND
97,PK,US7005171050,PARK HOTELS & RESORTS INC,アメリカ,US,アメリカ・ドル,USD,30397.9505,73576512.52782622,0.0017063527340202887,MOTHER FUND
98,AKR,US0042391096,ACADIA REALTY TRUST,アメリカ,US,アメリカ・ドル,USD,20161.1978,72680101.95150112,0.0016855635910565127,MOTHER FUND
99,CURB,US23128Q1013,CURBLINE PROPERTIES CORP,アメリカ,US,アメリカ・ドル,USD,14643.7616,71971417.1111135,0.001669128097263615,MOTHER FUND
100,UE,US91704F1049,URBAN EDGE PROPERTIES,アメリカ,US,アメリカ・ドル,USD,19016.0695,69713351.8556133,0.0016167600834784853,MOTHER FUND
101,FCPT,US35086T1097,FOUR CORNERS PROPERTY TRUST,アメリカ,US,アメリカ・ドル,USD,16864.6164,69225688.57023512,0.0016054504202218628,MOTHER FUND
102,IVT,US46124J2015,INVENTRUST PROPERTIES CORP,アメリカ,US,アメリカ・ドル,USD,11971.7956,67728565.9103635,0.0015707298381221128,MOTHER FUND
103,HMSO,GB00BRJQ8J25,HAMMERSON PLC,イギリス,GB,イギリス・ポンド,GBP,81547.0134,65060249.08177571,0.0015088474580083344,MOTHER FUND
104,DRH,US2527843013,DIAMONDROCK HOSPITALITY CO REIT,アメリカ,US,アメリカ・ドル,USD,30849.0617,64008569.86887701,0.0014844573960362708,MOTHER FUND
105,SUN,SG1Q52922370,SUNTEC REIT,シンガポール,SG,シンガポール・ドル,SGD,330352.1564,62055000.81437041,0.0014391511184929575,MOTHER FUND
106,FCT,SG1T60930966,FRASERS CENTREPOINT TRUST,シンガポール,SG,シンガポール・ドル,SGD,209102.8517,59703966.4114673,0.0013846270068798624,MOTHER FUND
107,MPACT,SG2D18969584,MAPLETREE PAN ASIA COMMERCIAL TRUST,シンガポール,SG,シンガポール・ドル,SGD,348298.0515,59319616.2518842,0.0013757133342539992,MOTHER FUND
108,LINE,US53566V1061,LINEAGE INC,アメリカ,US,アメリカ・ドル,USD,8605.8125,59266957.00773051,0.0013744920852147885,MOTHER FUND
109,BYG,GB0002869419,BIG YELLOW GROUP PLC,イギリス,GB,イギリス・ポンド,GBP,29287.5231,56166599.93809431,0.0013025900259779892,MOTHER FUND
110,MPT,US58463J3041,MEDICAL PROPERTIES TRUST INC,アメリカ,US,アメリカ・ドル,USD,73912.8249,55713772.49581101,0.0012920882596175994,MOTHER FUND
111,KREIT,SG1T22929874,KEPPEL REIT,シンガポール,SG,シンガポール・ドル,SGD,478899.584,55474650.2798974,0.0012865426468551726,MOTHER FUND
112,FLT,SG1CI9000006,FRASERS LOGISTICS & COMMERCIAL TRUST,シンガポール,SG,シンガポール・ドル,SGD,440612.7407,55177933.66398131,0.0012796613311825088,MOTHER FUND
113,COL,ES0139140174,COLONIAL SFL SOCIMI SA,スペイン,ES,ユーロ,EUR,52051.2851,54393717.8977396,0.0012614741587980841,MOTHER FUND
114,REI-U,CA7669101031,RIOCAN REAL ESTATE INVST TR,カナダ,CA,カナダ・ドル,CAD,21167.5226,54249703.79003961,0.001258134249661749,MOTHER FUND
115,SHO,US8678921011,SUNSTONE HOTEL INVESTORS INC,アメリカ,US,アメリカ・ドル,USD,28107.694,52854382.3396339,0.001225774594522665,MOTHER FUND
116,SRE,GG00B1W3VF54,SIRIUS REAL ESTATE LTD REIT,GUERNSEY,GG,イギリス・ポンド,GBP,243253.0059,52491365.572771,0.0012173556761565976,MOTHER FUND
117,PEB,US70509V1008,PEBBLEBROOK HOTEL TRUST,アメリカ,US,アメリカ・ドル,USD,17419.8301,52382669.30306641,0.0012148348421211696,MOTHER FUND
118,NTST,US64119V3033,NETSTREIT CORP,アメリカ,US,アメリカ・ドル,USD,14678.4624,50933454.299032,0.0011812253124036242,MOTHER FUND
119,GRT-U,CA3874372053,GRANITE REAL ESTATE INVESTME,カナダ,CA,カナダ・ドル,CAD,4580.5131,50633853.00089341,0.0011742770965038629,MOTHER FUND
120,LTC,US5021751020,LTC PROPERTIES INC,アメリカ,US,アメリカ・ドル,USD,7738.2911,50121035.064448304,0.0011623840581164182,MOTHER FUND
121,DEI,US25960P1093,DOUGLAS EMMETT INC,アメリカ,US,アメリカ・ドル,USD,25262.2237,48884141.06960731,0.0011336985798669293,MOTHER FUND
122,DHC,US25525P1075,DIVERSIFIED HEALTHCARE TRUST,アメリカ,US,アメリカ・ドル,USD,32896.4122,47425388.88210041,0.001099867868164345,MOTHER FUND
123,GTY,US3742971092,GETTY REALTY CORP,アメリカ,US,アメリカ・ドル,USD,8397.6073,46212476.649367705,0.0010717385639428738,MOTHER FUND
124,CAR-U,CA1349211054,CAN APARTMENT PROP REAL ESTA,カナダ,CA,カナダ・ドル,CAD,11485.9836,46111591.8895289,0.0010693988908616467,MOTHER FUND
125,SMA,US83192D4025,SMARTSTOP SELF STORAGE REIT,アメリカ,US,アメリカ・ドル,USD,8536.4108,46043378.3333401,0.001067816913351419,MOTHER FUND
126,GPE,GB00BF5H9P87,GREAT PORTLAND ESTATES PLC,イギリス,GB,イギリス・ポンド,GBP,60032.4822,45947393.334476106,0.0010655908732795337,MOTHER FUND
127,RGN,AU0000253502,REGION GROUP,オーストラリア,AU,オーストラリア・ドル,AUD,170034.1981,45917072.072845906,0.0010648876764860996,MOTHER FUND
128,CLAS,SGXC16332337,CAPITALAND ASCOTT TRUST,シンガポール,SG,シンガポール・ドル,SGD,405984.7557,45757323.9026728,0.0010611828701890284,MOTHER FUND
129,RLJ,US74965L1017,RLJ LODGING TRUST,アメリカ,US,アメリカ・ドル,USD,22971.9672,45449191.74590771,0.0010540368105285242,MOTHER FUND
130,SAFE,GB00B1N7Z094,SAFESTORE HOLDINGS PLC,イギリス,GB,イギリス・ポンド,GBP,33972.1388,45234281.70579131,0.0010490527154427137,MOTHER FUND
131,XHR,US9840171030,XENIA HOTELS & RESORTS INC,アメリカ,US,アメリカ・ドル,USD,13915.0436,44907430.171845905,0.0010414725245719444,MOTHER FUND
132,CHP-U,CA17039A1066,CHOICE PROPERTIES REIT,カナダ,CA,カナダ・ドル,CAD,24568.2066,44765883.989078805,0.001038189850418784,MOTHER FUND
133,GRI,GB00B04V1276,GRAINGER PLC REIT,イギリス,GB,イギリス・ポンド,GBP,113124.793,42997807.323368505,0.0009971854272837347,MOTHER FUND
134,IIPR,US45781V1017,INNOVATIVE INDUSTRIAL PROPERTIES INC,アメリカ,US,アメリカ・ドル,USD,4337.6071,42372182.1067182,0.0009826762141907717,MOTHER FUND
135,BWP,AU000000BWP3,BWP PROPERTY GROUP LTD,オーストラリア,AU,オーストラリア・ドル,AUD,95484.9595,42292274.7088092,0.0009808230384665364,MOTHER FUND
136,CLW,AU000000CLW0,CHARTER HALL LONG WALE REIT,オーストラリア,AU,オーストラリア・ドル,AUD,97856.4161,41905258.482401,0.0009718475356416084,MOTHER FUND
137,MONT,BE0003853703,MONTEA,ベルギー,BE,ユーロ,EUR,3306.9916,41628940.07111551,0.0009654392857754733,MOTHER FUND
138,GNL,US3793782018,GLOBAL NET LEASE INC,アメリカ,US,アメリカ・ドル,USD,28767.0103,40686218.0783642,0.0009435761096818268,MOTHER FUND
139,FCR-U,CA31890B1031,FIRST CAPITAL REAL ESTATE INVESTMENT,カナダ,CA,カナダ・ドル,CAD,15407.1804,40440710.21078921,0.0009378824038147318,MOTHER FUND
140,HDN,AU0000113136,HOMECO DAILY NEEDS REIT,オーストラリア,AU,オーストラリア・ドル,AUD,277953.8627,39885628.712859206,0.0009250092082927406,MOTHER FUND
141,CQR,AU000000CQR9,CHARTER HALL RETAIL REIT,オーストラリア,AU,オーストラリア・ドル,AUD,79117.9534,36026336.49215811,0.0008355062731042044,MOTHER FUND
142,SRU-U,CA83179X1087,SMARTCENTRES REAL ESTATE INV,カナダ,CA,カナダ・ドル,CAD,10410.257,35501951.719128504,0.0008233449819476105,MOTHER FUND
143,PREIT,SG1V52937132,PARKWAY LIFE REAL ESTATE,シンガポール,SG,シンガポール・ドル,SGD,66278.6364,35358313.76871581,0.0008200137964785645,MOTHER FUND
144,RIT1,IL0010989205,REIT 1 LTD,イスラエル,IL,イスラエル・シユケル,ILS,31126.6685,35189937.2305089,0.0008161088850272971,MOTHER FUND
145,DIR-U,CA26153W1095,DREAM INDUSTRIAL REAL ESTATE INVESTMENT,カナダ,CA,カナダ・ドル,CAD,20924.6166,34695696.74474001,0.0008046466863557263,MOTHER FUND
146,SUPR,GB00BF345X11,SUPERMARKET INCOME REIT PLC,イギリス,GB,イギリス・ポンド,GBP,183567.5323,34270734.7844538,0.0007947911634738181,MOTHER FUND
147,ECMPA,NL0015000K93,EUROCOMMERCIAL PROPERTIES NV,オランダ,NL,ユーロ,EUR,6489.0602,33515009.462639403,0.0007772647284099291,MOTHER FUND
148,MERY,FR0010241638,MERCIALYS,フランス,FR,ユーロ,EUR,14504.9581,32490410.104340702,0.0007535026900060674,MOTHER FUND
149,GNZ,NZCPTE0001S9,GOODMAN NEW ZEALAND LTD & GO,ニュージーランド,NZ,ニュージーランド・ドル,NZD,162747.0182,31484793.849733703,0.0007301808990367694,MOTHER FUND
150,UMH,US9030021037,UMH PROPERTIES INC,アメリカ,US,アメリカ・ドル,USD,12665.8127,31165792.6906136,0.0007227827704585175,MOTHER FUND
151,PDM,US7201902068,PIEDMONT REALTY TRUST INC,アメリカ,US,アメリカ・ドル,USD,19467.1806,31162502.008366905,0.0007227064544650634,MOTHER FUND
152,INA,AU000000INA9,INGENIA COMMUNITIES GROUP,オーストラリア,AU,オーストラリア・ドル,AUD,63502.5679,30924918.775450602,0.0007171965330904836,MOTHER FUND
153,XIOR,BE0974288202,XIOR STUDENT HOUSING NV,ベルギー,BE,ユーロ,EUR,5864.4448,30343247.0520095,0.0007037066692535608,MOTHER FUND
154,CARM,FR0010828137,CARMILA,フランス,FR,ユーロ,EUR,9195.727,28769089.531151604,0.0006671995299884507,MOTHER FUND
155,AAT,US0240131047,AMERICAN ASSETS TRUST INC,アメリカ,US,アメリカ・ドル,USD,7356.5816,28411865.725316603,0.0006589149593177062,MOTHER FUND
156,EREIT,SGXC55341835,ESR-REIT,シンガポール,SG,シンガポール・ドル,SGD,85026.8153,28216956.2180122,0.000654394707415992,MOTHER FUND
157,CIP,AU000000CIP0,CENTURIA INDUSTRIAL REIT,オーストラリア,AU,オーストラリア・ドル,AUD,82241.0305,28063090.190068904,0.0006508263170637774,MOTHER FUND
158,LREIT,SGXC61949712,LENDLEASE GLOBAL COMMERCIAL,シンガポール,SG,シンガポール・ドル,SGD,367829.0817,26946993.000694,0.0006249423029254072,MOTHER FUND
159,WPR,AU0000088064,WAYPOINT REIT,オーストラリア,AU,オーストラリア・ドル,AUD,95427.3561,26740195.673880003,0.0006201463541657579,MOTHER FUND
160,DEA,US27616P3010,EASTERLY GOVERNMENT PROPERTIES INC,アメリカ,US,アメリカ・ドル,USD,6697.2654,26597460.6397603,0.000616836108717273,MOTHER FUND
161,BEI-U,CA0966311064,BOARDWALK REAL ESTATE INVEST,カナダ,CA,カナダ・ドル,CAD,3435.3848,26330654.0803218,0.0006106484533567358,MOTHER FUND
162,SVC,US81761L2016,SERVICE PROPERTIES TRUST,アメリカ,US,アメリカ・ドル,USD,19154.8729,24813283.817538004,0.0005754582981364404,MOTHER FUND
163,RET,BE0003720340,RETAIL ESTATES,ベルギー,BE,ユーロ,EUR,2005.7095,24728376.7201867,0.00057348917167576,MOTHER FUND
164,THRL,GB00BJGTLF51,TARGET HEALTHCARE REIT PLC,イギリス,GB,イギリス・ポンド,GBP,98203.4246,24303532.742813602,0.000563636384999462,MOTHER FUND
165,HR-U,CA4039254079,H&R REAL ESTATE INVSTMNT-UTS,カナダ,CA,カナダ・ドル,CAD,18911.9669,24050164.7841734,0.00055776039150527,MOTHER FUND
166,CNI,AU000000CNI5,CENTURIA CAPITAL GROUP,オーストラリア,AU,オーストラリア・ドル,AUD,140530.1417,23500180.842101704,0.0005450054161608436,MOTHER FUND
167,778,SG1O33912138,FORTUNE REIT,シンガポール,SG,香港・ドル,HKD,235965.826,23449457.905755404,0.0005438290730842496,MOTHER FUND
168,CBL,US1248308785,CBL & ASSOCIATES PROPERTIES,アメリカ,US,アメリカ・ドル,USD,2498.4617,23402494.8072392,0.0005427399264422301,MOTHER FUND
169,CSR,US15202L1070,CENTERSPACE,アメリカ,US,アメリカ・ドル,USD,2567.8634,23115719.292768404,0.0005360891602349808,MOTHER FUND
170,ARF,AU000000ARF6,ARENA REIT,オーストラリア,AU,オーストラリア・ドル,AUD,62461.5422,22584094.8799925,0.0005237599706737194,MOTHER FUND
171,PMZ-U,CA74167K1093,PRIMARIS REIT,カナダ,CA,カナダ・ドル,CAD,8397.6073,22042008.5059113,0.0005111881521040533,MOTHER FUND
172,SHUR,GG00BQZCBZ44,SHURGARD SELF STORAGE LTD,GUERNSEY,GG,ユーロ,EUR,4684.6157,21983926.905880105,0.0005098411502741959,MOTHER FUND
173,WHA,NL0000289213,WERELDHAVE NV,オランダ,NL,ユーロ,EUR,6142.0516,21921680.162011504,0.0005083975523387287,MOTHER FUND
174,CAREIT,SGXC43938841,CENTURION ACCOMMODATION REIT,シンガポール,SG,シンガポール・ドル,SGD,144355.5641,20789294.390472505,0.0004821357808732698,MOTHER FUND
175,JBGS,US46590V1008,JBG SMITH PROPERTIES,アメリカ,US,アメリカ・ドル,USD,9161.0262,20730830.7340082,0.00048077991856583903,MOTHER FUND
176,AAREIT,SG2D63974620,AIMS APAC REIT MANAGEMENT LTD,シンガポール,SG,シンガポール・ドル,SGD,99470.0059,20304305.153116405,0.00047088813291197215,MOTHER FUND
177,KMP-U,CA49410M1023,KILLAM APARTMENT REAL ESTATE,カナダ,CA,カナダ・ドル,CAD,9369.2313,20176663.9506625,0.00046792793668496986,MOTHER FUND
178,ALTA,FR0000033219,ALTAREA,フランス,FR,ユーロ,EUR,1058.3761,19945326.8719634,0.0004625628732543107,MOTHER FUND
179,NTTDCR,SGXC92727947,NTT DC REIT,シンガポール,SG,アメリカ・ドル,USD,129781.2043,18981176.059135802,0.0004402027297933923,MOTHER FUND
180,INN,US8660821005,SUMMIT HOTEL PROPERTIES INC,アメリカ,US,アメリカ・ドル,USD,16656.4112,18471427.0664627,0.00042838086494239273,MOTHER FUND
181,DGT,AU0000367088,DIGICO INFRASTRUCTURE REIT,オーストラリア,AU,オーストラリア・ドル,AUD,64890.6021,18256653.0537048,0.00042339992454069387,MOTHER FUND
182,HPP,US4440974065,HUDSON PACIFIC PROPERTIES IN,アメリカ,US,アメリカ・ドル,USD,7981.1971,18112260.359657604,0.000420051235403426,MOTHER FUND
183,ESRT,US2921041065,EMPIRE STATE REALTY TRUST IN,アメリカ,US,アメリカ・ドル,USD,22208.5483,17846789.4361959,0.0004138945554998976,MOTHER FUND
184,CRT-U,CA1264621006,CT REAL ESTATE INVESTMENT TR,カナダ,CA,カナダ・ドル,CAD,8362.9065,17846515.299427405,0.0004138881978456905,MOTHER FUND
185,SAFE,US78646V1070,SAFEHOLD INC,アメリカ,US,アメリカ・ドル,USD,7009.5731,17845004.7711326,0.0004138531663662536,MOTHER FUND
186,ICAD,FR0000035081,ICADE,フランス,FR,ユーロ,EUR,4788.7182,17499263.4788001,0.00040583489288241394,MOTHER FUND
187,395400,KR7395400005,SK REITS CO LTD,韓国,KR,韓国・ウォン,KRW,27760.6854,17455831.5394681,0.0004048276392646927,MOTHER FUND
188,WKP,GB00B67G5X01,WORKSPACE GROUP PLC,イギリス,GB,イギリス・ポンド,GBP,22902.5655,17211974.738657802,0.0003991722241807728,MOTHER FUND
189,SGREIT,SG1S18926810,STARHILL GLOBAL REIT,シンガポール,SG,シンガポール・ドル,SGD,242905.9973,16882610.5156743,0.000391533760178231,MOTHER FUND
190,SERT,SGXC11267561,STONEWEG EUROPE STAPLED TRUST,シンガポール,SG,ユーロ,EUR,57256.4137,16852898.601088803,0.0003908446950819917,MOTHER FUND
191,SLARL,IL0011096448,SELLA CAPITAL REAL ESTATE LTD,イスラエル,IL,イスラエル・シユケル,ILS,37129.9167,16782933.3456507,0.00038922209296615907,MOTHER FUND
192,CRR-U,CA2271071094,CROMBIE REAL ESTATE INVESTMENT,カナダ,CA,カナダ・ドル,CAD,8050.5988,16136874.529496,0.00037423899320498786,MOTHER FUND
193,VHP,NZCHPE0001S4,VITAL HEALTHCARE PROPERTY TRUST,ニュージーランド,NZ,ニュージーランド・ドル,NZD,89528.2104,16094920.499653403,0.0003732660145863287,MOTHER FUND
194,CLCT,SG1U25933169,CAPITALAND CHINA TRUST,シンガポール,SG,シンガポール・ドル,SGD,190951.5276,16021615.980769103,0.00037156596980414413,MOTHER FUND
195,CTO,US22948Q1013,CTO REALTY GROWTH INC,アメリカ,US,アメリカ・ドル,USD,4511.1114,15856314.632488402,0.00036773237674726556,MOTHER FUND
196,OUEREIT,SG2G60000004,OUE REAL ESTATE INVESTMENT TRUST,シンガポール,SG,シンガポール・ドル,SGD,350478.6533,15800559.0308859,0.00036643931840618974,MOTHER FUND
197,CLDT,US16208T1025,CHATHAM LODGING TRUST,アメリカ,US,アメリカ・ドル,USD,7356.5816,15760722.7943315,0.0003655154546781832,MOTHER FUND
198,IRES,IE00BJ34P519,IRISH RESIDENTIAL PROPERTIES,アイルランド,IE,ユーロ,EUR,77382.9106,15614385.464271301,0.00036212166643437353,MOTHER FUND
199,NXRT,US65341D1028,NEXPOINT RESIDENTIAL TRUST INC,アメリカ,US,アメリカ・ドル,USD,3504.7865,14955330.830250602,0.00034683717362554885,MOTHER FUND
200,PSTL,US73757R1023,POSTAL REALTY TRUST INC-A,アメリカ,US,アメリカ・ドル,USD,4025.2994,14899168.8816154,0.0003455346914704543,MOTHER FUND
201,RFF,AU000000RFF5,RURAL FUNDS GROUP,オーストラリア,AU,オーストラリア・ドル,AUD,59338.4651,14884330.101246702,0.0003451905572816793,MOTHER FUND
202,AP-U,CA0194561027,ALLIED PROPERTIES REAL ESTAT,カナダ,CA,カナダ・ドル,CAD,12839.317,14855350.374739002,0.00034451847275553555,MOTHER FUND
203,CQE,AU0000030645,CHARTER HALL SOCIAL INFRASTRUCTURE REIT,オーストラリア,AU,オーストラリア・ドル,AUD,50316.2423,14667899.1225784,0.0003401711892865236,MOTHER FUND
204,GOOD,US3765361080,GLADSTONE COMMERCIAL CORP,アメリカ,US,アメリカ・ドル,USD,7148.3765,14384066.240761003,0.0003335886672661872,MOTHER FUND
205,CPINV,BE0974273055,CARE PROPERTY INVEST,ベルギー,BE,ユーロ,EUR,6037.9491,14284782.925461702,0.00033128613415224695,MOTHER FUND
206,BDN,US1053682035,BRANDYWINE REALTY TRUST,アメリカ,US,アメリカ・ドル,USD,28454.7025,13948381.3687268,0.0003234844635328874,MOTHER FUND
207,MNRT,IL0011405730,MENIVIM-THE NEW REIT LTD,イスラエル,IL,イスラエル・シユケル,ILS,138803.427,13853853.458838202,0.0003212922156002522,MOTHER FUND
208,ALX,US0147521092,ALEXANDERS INC,アメリカ,US,アメリカ・ドル,USD,322.718,13787866.309619302,0.00031976187189936955,MOTHER FUND
209,AHRT,US04208T1088,AH REALTY TRUST INC,アメリカ,US,アメリカ・ドル,USD,11798.2913,13387322.995228102,0.000310472655053892,MOTHER FUND
210,ILPT,US4562371066,INDUSTRIAL LOGISTICS PROPERTIES,アメリカ,US,アメリカ・ドル,USD,9716.2399,13226701.751498902,0.0003067476008353273,MOTHER FUND
211,CMW,AU000000CMW8,CROMWELL PROPERTY GROUP,オーストラリア,AU,オーストラリア・ドル,AUD,263726.5114,12962329.457162302,0.00030061639983460214,MOTHER FUND
212,CREI,GB00BJFLFT45,CUSTODIAN PROPERTY INCOME REIT PLC,イギリス,GB,イギリス・ポンド,GBP,69054.705,12936831.267613502,0.00030002505751686577,MOTHER FUND
213,UHT,US91359E1055,UNIVERSAL HEALTH RLTY INCOME,アメリカ,US,アメリカ・ドル,USD,1839.1454,12923083.1351729,0.00029970621713463347,MOTHER FUND
214,CDREIT,SG1T66931158,CDL HOSPITALITY TRUSTS,シンガポール,SG,シンガポール・ドル,SGD,128393.17,12782547.788363403,0.00029644698582540033,MOTHER FUND
215,VITL-U,CA92848P1071,VITAL INFRASTRUCTURE PROPERT,カナダ,CA,カナダ・ドル,CAD,19432.4798,12590021.88291,0.0002919820133246189,MOTHER FUND
216,CHCT,US20369C1062,COMMUNITY HEALTHCARE TRUST I,アメリカ,US,アメリカ・ドル,USD,4198.8037,12524876.9234846,0.00029047120130317204,MOTHER FUND
217,2778,HK2778034606,CHAMPION REIT,香港,HK,香港・ドル,HKD,260256.4257,12371757.6579789,0.0002869201295229213,MOTHER FUND
218,PCTN,GB00B0LCW208,PICTON PROPERTY INCOME LTD,GUERNSEY,GG,イギリス・ポンド,GBP,77382.9106,12304080.2300271,0.0002853505856528807,MOTHER FUND
219,FVR,US35922N1000,FRONTVIEW REIT INC,アメリカ,US,アメリカ・ドル,USD,3747.6925,12215234.932441803,0.0002832901262585572,MOTHER FUND
220,FEHT,SG2F08984575,FAR EAST HOSPITALITY TRUST,シンガポール,SG,シンガポール・ドル,SGD,166564.1125,12202411.9248425,0.00028299274094735266,MOTHER FUND
221,XRN,US37954A3032,CHIRON REAL ESTATE INC,アメリカ,US,アメリカ・ドル,USD,2012.6497,11538284.0255632,0.00026759059129741105,MOTHER FUND
222,DXI,AU0000192833,DEXUS INDUSTRIA REIT,オーストラリア,AU,オーストラリア・ドル,AUD,40600.0024,11330863.8183703,0.00026278019698168693,MOTHER FUND
223,NRR,GB00BD7XPJ64,NEWRIVER REIT PLC,イギリス,GB,イギリス・ポンド,GBP,63155.5593,11326164.628347602,0.0002626712155218783,MOTHER FUND
224,DCREIT,SGXC50067435,DIGITAL CORE REIT MANAGEMENT,シンガポール,SG,アメリカ・ドル,USD,142273.5127,11204437.4929117,0.0002598481756247786,MOTHER FUND
225,365550,KR7365550003,ESR KENDALL SQUARE REIT CO LTD,韓国,KR,韓国・ウォン,KRW,28452.9675,10906895.6906219,0.00025294772260819247,MOTHER FUND
226,GOZ,AU000000GOZ8,GROWTHPOINT PROPERTIES AUSTR,オーストラリア,AU,オーストラリア・ドル,AUD,42682.0538,10706272.340243002,0.00024829495787844435,MOTHER FUND
227,BFS,US8043951016,SAUL CENTERS INC,アメリカ,US,アメリカ・ドル,USD,1908.5471,10631667.233247202,0.00024656475045326887,MOTHER FUND
228,OLP,US6824061039,ONE LIBERTY PROPERTIES INC,アメリカ,US,アメリカ・ドル,USD,2637.2651,10329498.765725302,0.00023955699793855548,MOTHER FUND
229,451800,KR7451800007,HANWHA REIT CO LTD,韓国,KR,韓国・ウォン,KRW,18391.4541,10193653.2397071,0.0002364065308022133,MOTHER FUND
230,FPI,US31154R1095,FARMLAND PARTNERS INC,アメリカ,US,アメリカ・ドル,USD,6662.5645,10087005.3615772,0.0002339332021247282,MOTHER FUND
231,293940,KR7293940003,SHINHAN ALPHA REIT CO LTD,韓国,KR,韓国・ウォン,KRW,16656.4112,9913418.836736012,0.00022990746305290386,MOTHER FUND
232,HABA,DE000A3H2333,HAMBORNER REIT AG,ドイツ,DE,ユーロ,EUR,12145.2999,9892686.80986347,0.00022942665539404174,MOTHER FUND
233,330590,KR7330590001,LOTTE REIT CO LTD,韓国,KR,韓国・ウォン,KRW,21861.5398,9005038.54687935,0.00020884072398259456,MOTHER FUND
234,SGR-U,CA8310622037,SLATE GROCERY REIT,カナダ,CA,カナダ・ドル,CAD,4441.7097,8928569.656866891,0.00020706729255648686,MOTHER FUND
235,SKG,AU0000477440,STORAGE KING GROUP,オーストラリア,AU,オーストラリア・ドル,AUD,60032.4822,8784075.98332648,0.0002037162615491247,MOTHER FUND
236,ASCE,BE0003856730,ASCENCIO REIT,ベルギー,BE,ユーロ,EUR,867.5214,8431267.167497281,0.00019553408130174024,MOTHER FUND
237,LIVE,GB00BF0P7H59,LIVING REIT PLC,イギリス,GB,イギリス・ポンド,GBP,49969.2337,8410058.69786139,0.0001950422242008223,MOTHER FUND
238,SREI,GB00B01HM147,SCHRODER REAL ESTATE INVESTM TRUST,GUERNSEY,GG,イギリス・ポンド,GBP,81894.022,8131705.42833531,0.00018858678283562193,MOTHER FUND
239,ABG,AU0000291882,ABACUS GROUP,オーストラリア,AU,オーストラリア・ドル,AUD,72871.7992,7822095.36208074,0.00018140644817605394,MOTHER FUND
240,LAND,US3765491010,GLADSTONE LAND CORP,アメリカ,US,アメリカ・ドル,USD,5795.0431,7711820.897410601,0.00017884901336679535,MOTHER FUND
241,IGD,IT0005322612,IMMOBILIARE GRANDE DISTRIBUZ,イタリア,IT,ユーロ,EUR,9369.2313,7388680.6200959,0.00017135489225770525,MOTHER FUND
242,SASSR,SG1ED2000000,SASSEUR REAL ESTATE INVESTME,シンガポール,SG,シンガポール・ドル,SGD,83282.0562,7196294.212086651,0.00016689315491767064,MOTHER FUND
243,COF,AU0000077893,CENTURIA OFFICE REIT,オーストラリア,AU,オーストラリア・ドル,AUD,69401.7135,7175155.144164291,0.0001664029073494631,MOTHER FUND
244,HLCL,GB00BT5GNW84,HELICAL PLC,イギリス,GB,イギリス・ポンド,GBP,16193.5018,7006280.30165422,0.0001624864394533349,MOTHER FUND
245,PINE,US02083X1037,ALPINE INCOME PROPERTY TRUST,アメリカ,US,アメリカ・ドル,USD,2082.0514,6792934.22915207,0.00015753861518714868,MOTHER FUND
246,VASTB,BE0003754687,VASTNED NV REIT,ベルギー,BE,ユーロ,EUR,1214.53,6632596.838431191,0.0001538201439573689,MOTHER FUND
247,NSI,NL0012365084,NSI NV,オランダ,NL,ユーロ,EUR,2116.7523,6567459.16618584,0.00015230950093685967,MOTHER FUND
248,435,HK0435036626,SUNLIGHT REAL ESTATE INVESTMENT,香港,HK,香港・ドル,HKD,135333.3414,6516503.38709061,0.0001511277578780215,MOTHER FUND
249,SITC,US82981J8514,SITE CENTERS CORP,アメリカ,US,アメリカ・ドル,USD,9022.2228,6278723.7473251,0.00014561328152587323,MOTHER FUND
250,FRMI,US3149111086,FERMI INC REIT,アメリカ,US,アメリカ・ドル,USD,5552.1371,6005444.784083351,0.00013927552114478104,MOTHER FUND
251,808,HK0808032913,PROSPERITY REIT,香港,HK,香港・ドル,HKD,190854.7122,5905025.70974223,0.00013694664802803806,MOTHER FUND
252,MI-U,CA60448E1034,MINTO APARTMENT REAL ESTATE,カナダ,CA,カナダ・ドル,CAD,2845.4703,5873221.333494021,0.00013620905552058648,MOTHER FUND
253,405,HK0405033157,YUEXIU REAL ESTATE INVESTMENT TRUST,香港,HK,香港・ドル,HKD,405930.6224,5572737.245559321,0.0001292403663647495,MOTHER FUND
254,NXR-U,CA65344U1012,NEXUS INDUSTRIAL REIT,カナダ,CA,カナダ・ドル,CAD,5899.1456,5546931.259411021,0.00012864188576944282,MOTHER FUND
255,NXDT,US65340G2057,NEXPOINT DIVERSIFIED REAL ESTATE TRUST,アメリカ,US,アメリカ・ドル,USD,7287.1799,5223532.113704871,0.00012114176110334351,MOTHER FUND
256,AEWU,GB00BWD24154,AEW UK REIT PLC,イギリス,GB,イギリス・ポンド,GBP,22208.5483,5121464.054650421,0.00011877464548940575,MOTHER FUND
257,HCW,AU0000169302,HEALTHCO REIT,オーストラリア,AU,オーストラリア・ドル,AUD,61073.5079,4968500.9430000605,0.00011522719515775091,MOTHER FUND
258,357120,KR7357120005,KORAMCO LIFE INFRA REIT,韓国,KR,韓国・ウォン,KRW,10410.257,4813188.93035548,0.00011162527019151871,MOTHER FUND
259,MRG-U,CA61761E1007,MORGUARD NORTH AMERICAN RESI,カナダ,CA,カナダ・ドル,CAD,2533.1625,4717358.697312591,0.00010940281937757597,MOTHER FUND
260,MDV,US60784B1017,MODIV INDUSTRIAL INC,アメリカ,US,アメリカ・ドル,USD,1665.6411,4690136.222191251,0.00010877148821965339,MOTHER FUND
261,NLOP,US64110Y1082,NET LEASE OFFICE PROPERTY,アメリカ,US,アメリカ・ドル,USD,2324.9574,4394325.64564528,0.00010191118499652307,MOTHER FUND
262,RGL,GG00BSY2LD72,REGIONAL REIT LTD,GUERNSEY,GG,イギリス・ポンド,GBP,19328.3772,4055868.75716434,9.40618480659498e-05,MOTHER FUND
263,BHR,US10482B1017,BRAEMAR HOTELS & RESORTS INC,アメリカ,US,アメリカ・ドル,USD,10757.2656,4028355.14185477,9.342376491830794e-05,MOTHER FUND
264,PRIME,SGXC75818630,PRIME US REIT,シンガポール,SG,アメリカ・ドル,USD,146854.0258,3752778.2878782307,8.703271290918017e-05,MOTHER FUND
265,BRT,US0556453035,BRT APARTMENTS CORP,アメリカ,US,アメリカ・ドル,USD,1457.436,3537010.4425826506,8.202872399907061e-05,MOTHER FUND
266,334890,KR7334890001,IGIS VALUE PLUS REIT CO LTD,韓国,KR,韓国・ウォン,KRW,8328.2056,3309140.3264827006,7.67440647749518e-05,MOTHER FUND
267,CLI,GB00BF044593,CLS HOLDINGS PLC,イギリス,GB,イギリス・ポンド,GBP,27066.6683,3062338.8109676,7.102035721813774e-05,MOTHER FUND
268,ONL,US68629Y1038,ORION PROPERTIES INC,アメリカ,US,アメリカ・ドル,USD,7217.7782,3027707.7029275503,7.021720844339875e-05,MOTHER FUND
269,D-U,CA26153P2035,DREAM OFFICE REAL ESTATE INV,カナダ,CA,カナダ・ドル,CAD,1041.0257,2238270.49876877,5.190894286551862e-05,MOTHER FUND
270,MUST,SG1CI1000004,MANULIFE US REAL ESTATE INVESTMENT TRUST,シンガポール,SG,アメリカ・ドル,USD,263905.2208,2035912.79956892,4.7215955913342386e-05,MOTHER FUND
271,348950,KR7348950007,JR GLOBAL REIT,韓国,KR,韓国・ウォン,KRW,29495.7282,1953862.9707634004,4.531309391434175e-05,MOTHER FUND
272,FSP,US35471R1068,FRANKLIN STREET PROPERTIES C,アメリカ,US,アメリカ・ドル,USD,9369.2313,696141.868702356,1.6144602946178167e-05,MOTHER FUND
273,ECWREIT,SG1DA7000003,EC WORLD REIT,シンガポール,SG,シンガポール・ドル,SGD,20820.5141,182514.70827756,4.2327974073322275e-06,MOTHER FUND
274,INTU,GB0006834344,INTU PROPERTIES PLC,イギリス,GB,イギリス・ポンド,GBP,63849.5764,0,0,MOTHER FUND
275,EAGLEHT,SGXC28500103,EAGLE HOSPITALITY TRUST,シンガポール,SG,アメリカ・ドル,USD,34700.8568,0,0,MOTHER FUND
276,-,-,DJREA2609,,,,,27.06620000000003,173527677.3932886,0.00402437430880195,MOTHER FUND
277,-,-,STX600RE2609,,,,,34.006800000000005,41391900.600624755,0.00095994197508968,MOTHER FUND
,,,,,,,,,,,
,,,合計（Total）,,,,,,42648193625.014534,0.9890773467354533,
,,,,,,,,,,,
,,,純資産総額(Total Net Assets of the Fund (NAV)),,,,,,43119169361,1,
,,,,,,,,,,,
※先物が組入れられている場合は、枚数です。,,,,,,,,,,,
※Please note: it refers to the number of contracts in case of futures.,,,,,,,,,,,
2515,"NEXT FUNDS 外国ＲＥＩＴ・Ｓ＆Ｐ先進国ＲＥＩＴ指数（除く日本・為替ヘッジなし）連動型上場投信
　（NEXT FUNDS International REIT S&P Developed REIT Index (ex Japan Unhedged) Exchange Traded Fund）",,,,,,,,,,
,"2026年7月31日現在　（as of July 31, 2026）",,,ISINコード：,JP3048660009,,,,,,
