Ticker,Name,Bought,Market cap,PE ratio,Forward PE ratio,PB,ROA,ROE,ROIC,Net Margin,Operating Margin,Debt To Equity,Earnings Growth,Dividend yield,Vol surge 1D,Vol surge 3D,Vol surge 5D,Target high %,Target low %,Target mean %,Current price,Sector,Avg Rating,Note
1332,NISSUI CORPORATION,,387279650816,14.556024,14.375773,1.3637261,0.036259998,0.1066,,0.03085,0.049089998,0.82602,-0.091,0.0278,0.456904711579992,0.255576408438467,0.219990395005403,0.448707909162099,-0.169929522317933,0.223179326546594,1277,Consumer Defensive,,
1605,INPEX CORPORATION,,4451138535424,11.588502,14.269747,0.94023794,0.0832,0.08457,,0.19580999,0.4449,0.24781,-0.252,0.0281,-0.408270878393106,-0.350308004669157,-0.341393941654466,0.305483028720627,-0.274151436031332,0.0317667624020888,3830,Energy,2.7 - Hold,
1721,COMSYS HOLDINGS CORP,,645237047296,20.580397,21.987583,1.6878293,0.05652,0.08924,,0.053319998,0.09116,0.07843,,0.0219,0.648498331479422,0.781408172332324,0.547646070079159,0.0341726618705036,-0.27158273381295,-0.115107913669065,5560,Industrials,,
1801,TAISEI CORP,,2588604366848,19.438154,33.361343,3.00198,,,,0,0.08009,0.6737,0.113,0.0195,-0.3000433634752,-0.0304745853050699,0.00394835129655315,0.423173803526448,-0.181360201511335,0.188377078085642,15880,Industrials,1.6 - Buy,
1802,OBAYASHI CORP,,2526964088832,15.399438,26.645403,2.1161304,0.03796,0.15325,,0.07125,0.09335,0.41084,,0.0234,0.0601453830484122,-0.117688194016904,-0.0596473898203434,0.332970620239391,-0.183895538628945,0.197633297062024,3676,Industrials,1.6 - Buy,
1803,SHIMIZU CORP,,1876090814464,18.814032,33.767654,2.0895562,0.02698,0.11965,,0.052010003,0.06692,0.72165,0.196,0.0233,-0.48527291923395,-0.265619588909939,-0.0826022814636274,0.37035701406419,-0.314821492967905,0.1184379733141,2773,Industrials,2.6 - Hold,
1808,HASEKO CORPORATION,,731483537408,19.135973,13.001553,1.3841565,0.044320002,0.10509,,0.04404,0.07559,0.79061,,0.0319,0.266408188252478,0.147494768365208,0.392234040200783,0.374819102749638,0.085383502170767,0.197992040520984,2764,Consumer Cyclical,2.4 - Buy,
1812,KAJIMA CORP,,2816635830272,16.904362,22.681225,2.1156604,,,,0,0.08166,0.70055,,0.0217,0.0295732855356901,0.22836230876217,0.0747904052165813,0.571546732837055,-0.106699751861042,0.28086964433416,6045,Industrials,1.3 - Strong Buy,
1925,DAIWA HOUSE INDUSTRY CO,,3039142608896,9.979865,10.424678,1.114655,0.0464,0.11734,,0.05686,0.100150004,1.10951,,0.0336,-0.2921973978034,-0.112455653908332,-0.0244934645279613,0.283880171184023,0.100468718157734,0.189457203994294,4907,Real Estate,,
1928,SEKISUI HOUSE,,2258459164672,9.735106,9.230117,1.0555468,0.04348,0.11247,,0.05529,0.1034,0.84492,0.608,0.0415,-0.278175914267592,-0.197051105835312,-0.0347662559972996,0.248564867967853,0.0332950631458094,0.120997617680827,3484,Consumer Cyclical,2.0 - Buy,
1963,JGC HOLDINGS CORPORATION,,575122046976,,19.52381,1.3410352,0.02678,0.082399994,,0.04079,0.058969997,0.0823,,0.0163,-0.342608744512013,-0.428595692411377,-0.404361803008762,0.177460050462574,-0.243061396131203,-0.0117746005046257,2378,Industrials,2.8 - Hold,
2002,NISSHIN SEIFUN GROUP INC,,566388588544,23.719389,15.73166,1.1255767,0.03305,0.053590003,,0.03155,0.06677,0.16754,0.278,0.0295,-0.0247541405307003,-0.0673140151681206,-0.054498498300274,0.221945137157107,-0.00249376558603491,0.0822942643391521,2005,Consumer Defensive,,
2269,MEIJI HOLDINGS CO LTD,,1011759906816,22.268633,17.82235,1.3249096,0.04375,0.06292,,0.0396,0.09472,0.17558,,0.0279,-0.164065728150675,-0.0646302273791524,-0.00149055978800927,0.259378349410504,-0.115755627009646,0.104561093247588,3732,Consumer Defensive,2.6 - Hold,
2282,NH FOODS LTD,,636310519808,20.733774,19.549988,1.1917903,0.03188,0.059910003,,0,0.0481,0.42746,,0.0235,-0.271642910727682,-0.308577090229458,-0.324151260752173,0.308550185873606,-0.211895910780669,0.0762081784386617,6725,Consumer Defensive,,
2413,M3 INC,,1020768026624,22.512585,21.221214,2.4710078,0.076069996,0.12472,,0.14425,0.27823,0.07442,0.253,0.0129,0.461150632169206,0.43167265815844,0.55150622435434,1.44656363038474,0.183821111476488,0.648749095692206,1520.5,Healthcare,1.9 - Buy,
2432,DENA CO LTD,,301298483200,6.8220263,28.3615,1.1981757,0.06679,0.09747,,0.15619001,0.05949,0.19321,,0.0241,-0.283343658572395,-0.14,-0.0537991202945061,0.628423390081421,-0.233900814211695,0.0742042931162102,2702,Industrials,2.5 - Buy,
2501,SAPPORO HOLDINGS LIMITED,,721403314176,47.94042,10.755594,3.2961533,0.02441,0.072340004,,0.03847,0.050809998,0.902,,0.0212,-0.00274988043998089,-0.134141763355247,-0.140231390270852,-0.189408268035666,-0.459605512023777,-0.315860578222102,1850.5,Consumer Defensive,4.2 - Underperform,
2502,ASAHI GROUP HLDGS,,2377158754304,14.069264,11.358076,0.86882836,0.025940001,0.05805,,0,0.08355,0.49974,-0.292,0.0316,-0.255071502144283,-0.292386489869909,-0.188890056724984,0.6,0.0461538461538462,0.300307692307692,1625,Consumer Defensive,1.8 - Buy,
2503,KIRIN HOLDINGS COMPANY LIMITED,,2089368944640,14.154776,14.994186,1.6234553,0.04298,0.11389,,0.06063,0.10623,0.5789,,0.0295,-0.150125271421413,-0.126954488396537,-0.0584208392586696,0.221403644823575,-0.0887941062427297,0.0577743311360993,2579,Consumer Defensive,2.4 - Buy,
2768,SOJITZ CORPORATION,,1262939930624,11.532251,11.4825115,1.1947968,0.01237,0.11336,,0.04397,0.02614,1.15378,0.141,0.0273,-0.431805392543049,-0.286225706467924,-0.224983302557655,0.268533772652389,-0.159802306425041,0.13158978583196,6070,Industrials,2.4 - Buy,
2801,KIKKOMAN CORP,,1371251802112,23.909178,23.020073,2.51448,0.0654,0.1104,,0.08186,0.10880999,0.10964,0.097,0.0202,-0.405287310718773,-0.364531902614523,-0.383659601305896,0.250422440013518,-0.0537343697194998,0.109045893883069,1479.5,Consumer Defensive,,
2802,AJINOMOTO CO INC,,4531626180608,124.960304,20.337742,6.119153,0.03825,0.10297,,0.05026,0.12899,0.68579,0.238,0.0104,0.167732458401364,-0.161139579463999,-0.24560012684319,0.165007413683542,-0.22685871637365,0.00765579326413896,4721,Consumer Defensive,2.0 - Buy,
2871,NICHIREI CORP,,475172798464,18.340105,8.046514,1.7280492,0.04349,0.09810001,,0,0.06435,0.43442,,0.0251,-0.242235328300463,-0.190698403984157,-0.160992867761907,0.292194092827004,-0.10337552742616,0.169128006329114,1896,Consumer Defensive,2.0 - Buy,
2914,JAPAN TOBACCO INC,,10220915916800,20.500675,19.119259,2.5008755,0.06238,0.12583,,0.14712,0.24164,0.40791,,0.0418,-0.355071422412554,-0.312751301312221,-0.223497888762618,0.198540906722251,-0.166232412714956,0.0607376237623763,5757,Consumer Defensive,,
3086,J FRONT RETAILING CO LTD,,615415939072,21.920113,19.457548,1.4808389,0.02657,0.06597,,0.063540004,0.07117,0.78658,-0.154,0.0225,-0.113933187105777,-0.0353577470514041,0.635780761579994,0.0707070707070707,-0.191919191919192,-0.0844444444444445,2475,Consumer Cyclical,3.0 - Hold,
3092,ZOZO INC,,947554287616,21.059355,6.2620535,9.914412,0.23201,0.50288,,0.20718001,0.35827,0.20926,,0.0373,0.0281443625494064,0.0482793194422808,0.0281085510763703,0.773215118992067,-0.0573961735884274,0.280063742417172,1071.5,Consumer Cyclical,2.9 - Hold,
3099,ISETAN MITSUKOSHI HOLDINGS LTD,,1083773550592,19.780785,19.11191,1.8358458,0.03753,0.096540004,,0,0.17455,0.14578,0.089,0.0225,-0.463744057238793,-0.379152627509411,-0.401276240545349,0.101749837977965,-0.31950745301361,-0.0771944912508102,3086,Consumer Cyclical,2.7 - Hold,
3289,TOKYU FUDOSAN HOLDINGS CORPORAT,,987256324096,9.436668,12.7174015,1.165008,0.030450001,0.113120005,,0.0757,0.10628,2.22653,,0.0323,-0.264317864719711,-0.230536195083892,-0.164156148172546,0.230101302460203,0.0130246020260492,0.120115774240232,1382,Real Estate,2.5 - Buy,
3382,SEVEN & I HOLDINGS CO LTD,,4634917732352,16.872843,17.383389,1.2802054,0.02576,0.07605,,0.03292,0.048260003,1.03991,-0.062,0.0297,-0.343292991256141,-0.220448867954596,-0.0439213952022281,0.496259351620948,-0.00249376558603491,0.221945137157107,2005,Consumer Defensive,2.3 - Buy,
3401,TEIJIN LTD,,309417345024,,4.4626217,0.7994227,0.03575,-0.18936001,,-0.08975001,0.04177,0.9927,,0.0307,-0.488300092941051,-0.485320377329583,-0.43049411266263,-0.0399002493765586,-0.22069825436409,-0.14713216957606,1604,Industrials,3.4 - Hold,
3402,TORAY INDUSTRIES INC,,1677210025984,29.802187,16.922848,0.9644988,0.01924,0.02648,,0,0.00984,0.52272,,0.0174,-0.312126893749373,-0.197739891822767,-0.108177172061329,0.397379912663755,-0.231441048034935,0.117506899563319,1145,Consumer Cyclical,2.1 - Buy,
3405,KURARAY CO,,511363252224,71.034775,8.896797,0.69232184,0.028369999,0.00657,,0.0092400005,0.05825,0.37729,,0.0323,-0.344045281805761,-0.258391727850175,-0.278371569000886,0.611940298507463,-0.194029850746269,0.0759535522388059,1675,Basic Materials,,
3407,ASAHI KASEI CORP,,2114013888512,15.100281,15.544583,1.0545604,,,,0.05175,0.085810006,0.54784,0.447,0.0257,-0.446214232391256,-0.327093641058542,0.0487468286307373,0.398780879050369,-0.101700352903433,0.158699647096567,1558.5,Industrials,1.6 - Buy,
3436,SUMCO CORPORATION,,778459807744,,45.21633,1.3459365,-0.00177,-0.01543,,-0.02868,-0.06412,0.54603,,0.0095,0.0780127600135906,0.235034600654207,0.507323294129771,0.0197663971248877,-0.528301886792453,-0.217205750224618,2226,Technology,,
3659,NEXON CO LTD,,2193661886464,24.281961,16.57898,2.0751593,0.05606,0.08557,,0.19375,0.01,0.04892,-0.648,0.0214,-0.302277179236043,-0.349565217391304,-0.318817257605686,0.622791200865489,-0.181391994230076,0.286693112152903,2773,Communication Services,2.3 - Buy,
3697,SHIFT INC,,172967985152,21.04821,0.9212318,4.1570168,0.12186,0.22632,,0.060310002,0.1086,0.52001,-0.112,,1.13453659789202,1.34283544477632,1.57949551952382,1.51219151765923,0.0344318013890941,0.736367666617408,676.7,Technology,1.8 - Buy,
3861,OJI HOLDINGS CORP,,742250184704,24.263767,10.963982,0.71906286,0.00892,0.025969999,,0,0.02079,0.86926,-0.171,0.0428,-0.12480411620285,-0.0352836919044108,-0.0334229660766546,0.409628479273683,0.0751403655477243,0.23442049934297,837.1,Basic Materials,,
4004,RESONAC HOLDINGS CORPORATION,,2412502056960,83.3125,53.493317,3.4601107,0.01699,0.04374,,0.02155,0.10168,1.33248,0.01,0.0052,0.0877401265007274,-0.199533452886031,-0.238696672729064,0.275318829707427,-0.722430607651913,-0.0858964741185296,13330,Basic Materials,1.6 - Buy,
4005,SUMITOMO CHEMICAL COMPANY,,843748409344,9.942118,13.229781,0.8192369,0.04883,0.12083,,0.04044,0.15158,0.96472,0.357,0.0259,-0.463240436579421,-0.447032652783035,-0.391850495161839,0.649524548806521,-0.107316126528236,0.144381913448477,515.3,Basic Materials,2.3 - Buy,
4021,NISSAN CHEMICAL CORPORATION,,909658882048,20.356533,21.035168,3.7728543,0.11334,0.19723,,0.17052999,0.23549,0.16676,0.112,0.034,0.34469964664311,-0.104432331684031,-0.142431213149902,0.135190918472652,-0.130178387144331,-0.01500073713696,6783,Basic Materials,,
4042,TOSOH CORP,,751532113920,19.17776,11.027081,0.9407832,,,,0,0.09789,0.23579,-0.254,0.041,0.802683462844765,0.294588642441403,0.0882374112488958,0.35523613963039,-0.137577002053388,0.0302874743326489,2435,Basic Materials,2.9 - Hold,
4043,TOKUYAMA CORP,,276418068480,11.5677595,9.131965,0.9976622,0.043080002,0.091230005,,0.07427,0.08635,0.56119,0.274,0.0314,-0.303319434770578,-0.255969734832709,-0.258522922932115,0.223321186881832,-0.0447683498178032,0.125282014575742,3842,Basic Materials,,
4061,DENKA COMPANY LIMITED,,316528623616,,20.008718,1.0684584,0.01976,-0.05479,,-0.02399,0.08991,0.71054,,0.0278,-0.228257771077087,-0.356982439967826,-0.314076722287458,0.279956427015251,-0.139433551198257,0.0527544662309368,3672,Basic Materials,,
4062,IBIDEN CO LTD,,2948836360192,88.94129,34.179184,5.4366937,0.030869998,0.07564,,0.10033,0.106520005,0.55077,,0.0021,0.447174929507085,-0.0753799776788283,-0.0240198312538895,0.136363636363636,-0.403409090909091,-0.160594981060606,10560,Technology,1.9 - Buy,
4063,SHIN-ETSU CHEMICAL CO,,12501243658240,26.091845,20.419737,2.9171925,0.07633,0.11484,,0.18936001,0.25265,0.05422,-0.035,0.0157,-0.0657680584647655,-0.00882221709776011,0.0353810036945812,0.0990643101143621,-0.257388979652458,-0.0172198722709045,6733,Basic Materials,1.5 - Buy,
4151,KYOWA KIRIN CO LTD,,1278358192128,19.057281,17.601269,1.431,0.05652,0.076869994,,0.13494,0.25344,,7.685,0.0284,-0.378238203652644,-0.318989254695297,-0.29714676390155,0.269451269451269,-0.344799344799345,-0.115851433251433,2442,Healthcare,3.5 - Hold,
4183,MITSUI CHEMICALS INC,,747919900672,41.850224,4.37788,0.8561192,0.02177,0.0298,,0.01013,0.0535,0.75451,-0.047,0.0379,-0.384913886477183,-0.413510941266131,-0.328296094977524,0.503759398496241,-0.223057644110276,0.170653934837093,1995,Basic Materials,2.1 - Buy,
4188,MITSUBISHI CHEMICAL GROUP CORP,,1316847353856,37.180668,10.630621,0.71169853,0.01713,0.03679,,0.021879999,0.03122,0.76697,,0.0333,-0.190811606160009,-0.231100513089153,-0.171209220308226,0.341174043123904,-0.184978850717012,0.0187764366037347,969.3,Basic Materials,2.6 - Hold,
4208,UBE CORPORATION,,234399072256,40.822197,7.0263815,0.55178666,0.016390001,0.08762,,0.07703,0.05135,0.80051,,0.0456,-0.247871717164411,-0.230102156400976,-0.280375766672705,0.28470783257356,-0.00538748445917945,0.143804392871944,2413,Basic Materials,2.4 - Buy,
4307,NOMURA RESEARCH INSTITUTE,,2859690360832,28.061884,28.559978,5.7023115,0.10253,0.22697,,0.13164,0.19354999,0.4681,0.13,0.0149,0.0544259768012292,0.0459348937015401,0.341656234692211,0.36327185244587,-0.0176423416198877,0.140737770649559,4988,Technology,1.7 - Buy,
4324,DENTSU GROUP INC,,792778178560,,9.458036,2.1149263,0.0273,-0.52415,,-0.22825001,0.13,1.47145,,0.0414,-0.485520506750272,-0.444355973648472,-0.445713594038769,0.309757694826457,-0.181401440733464,0.0747289456450557,3054,Communication Services,2.4 - Buy,
4385,MERCARI INC,,677998886912,23.637724,40.82282,6.1084776,0.04065,0.30584,,0.1432,0.19157,2.10524,0.258,,0.21332827516439,-0.172295738252659,-0.136291786820464,0.0954235637779942,-0.342745861733204,-0.111677044790652,4108,Consumer Cyclical,2.3 - Buy,
4452,KAO CORP,,2718433804288,25.915226,23.23693,2.5547342,0.05605,0.10995,,0.07111,0.115930006,0.22211,-0.015,0.0193,-0.142157830976271,-0.211004697126822,-0.166250734589717,0.381031613976706,0.0981697171381032,0.240016638935108,6010,Consumer Defensive,1.8 - Buy,
4502,TAKEDA PHARMACEUTICAL CO LTD,,8668825255936,77.51412,39.091103,1.134226,0.02471,0.01503,,0.025290001,0.108459994,0.7093,3.302,0.0359,-0.230810560577968,-0.126043760673754,-0.148229816743893,0.421282798833819,-0.143586005830904,0.100012153790087,5488,Healthcare,1.9 - Buy,
4503,ASTELLAS PHARMA,,4523311497216,36.38853,33.324535,2.565512,0.0738,0.19815001,,0.15671,0.23554,0.41095,,0.0304,-0.277977407575532,-0.258845500774597,-0.212638329058263,0.168316831683168,-0.366336633663366,-0.0466761188118812,2525,Healthcare,2.5 - Buy,
4506,SUMITOMO PHARMA CO LTD,,792194646016,5.119121,116.40398,2.7417376,0.08125,0.48386002,,0.24282,0.10775,0.89622,-0.835,,2.40217559265767,1.17461853057196,0.738120757682274,0.354062186559679,-0.17753259779338,0.115011685055165,1994,Healthcare,2.7 - Hold,
4507,SHIONOGI & CO,,2661853691904,15.576914,16.359833,1.757971,0.06842,0.13512,,0.41863,0.50216,0.01505,0.474,0.0205,-0.114795336348054,-0.188208621610261,-0.130962593444301,0.278772378516624,-0.20076726342711,0.0949488491048593,3128,Healthcare,2.5 - Buy,
4519,CHUGAI PHARMACEUTICAL CO,,14307832102912,32.98805,36.853035,7.0630445,0.16004999,0.22103001,,0.34502,0.48803002,0.01269,0.403,0.0149,-0.0558724531854658,0.13570218426624,0.0225705913240849,0.529790660225443,-0.263860133425351,0.141400161030596,8694,Healthcare,2.1 - Buy,
4523,EISAI CO LTD,,1369427148800,27.791761,23.981833,1.5393102,0.021240002,0.04887,,0.0529,0.09109,0.25233,-0.277,0.0326,-0.203363800378726,-0.260692863395581,-0.208455917816147,0.276245368464389,-0.258954302181968,0.0450644298065047,4858,Healthcare,2.5 - Buy,
4543,TERUMO CORP,,3163292434432,24.248077,21.059608,2.0779314,0.05874,0.08743,,0.11675,0.14794,0.29474,-0.076,0.0136,-0.283817362944557,-0.316403505868247,-0.300095810913701,0.725343903007694,-0.0207507577523898,0.339024761016554,2144.5,Healthcare,1.6 - Buy,
4568,DAIICHI SANKYO COMPANY LIMITED,,5346456764416,19.472279,20.3051,3.1544445,0.05461,0.18267,,0.14843,0.16043,0.17571,0.428,0.026,-0.260326166735289,-0.0776982868261846,0.339907990691386,1.05831903945111,0.0463121783876501,0.591766723842196,2915,Healthcare,1.4 - Strong Buy,
4578,OTSUKA HLDGS CO LTD,,5586094653440,15.447286,20.378288,1.8420086,0.07462,0.12461001,,0.14709,0.122200005,0.07355,-0.559,0.0131,-0.251943358964662,-0.135692665569142,-0.109695006873413,0.427221172022684,-0.054820415879017,0.119250189035917,10580,Healthcare,1.9 - Buy,
4661,ORIENTAL LAND CO,,4284053979136,33.851536,29.879932,3.9832258,,,,0,0.34187,0.31377,0.027,0.0053,-0.314816699315644,-0.32982723988846,-0.147993889683244,0.951779563719862,-0.0738614619211634,0.360007347876005,2613,Consumer Cyclical,2.4 - Buy,
4689,LY CORPORATION,,2958697955328,14.889655,20.15873,0.99776554,0.01984,0.08517,,0.10539,0.13934,0.54534,0.16,0.017,-0.0250213516671357,-0.194009198086254,0.23939124966428,0.505326540064845,-0.0273274664196387,0.203192334414081,431.8,Consumer Cyclical,1.8 - Buy,
4704,TREND MICRO INC,,781082820608,22.956856,20.064356,5.988533,0.087799996,0.27218,,0.12509,0.18166,,-0.044,0.0321,0.111411992263056,0.525999677720212,1.6113461704516,0.503508185766789,-0.164717674574006,0.040970598062145,5986,Technology,3.0 - Hold,
4751,CYBER AGENT,,666213416960,22.302341,25.64878,3.5744977,0.10349,0.20145,,0.043270003,0.10068,0.35172,1.519,0.014,-0.0231441714863807,-0.125702275151457,-0.0756921966244505,0.825789273488018,0.133510840623811,0.387409661468239,1314.5,Communication Services,1.6 - Buy,
4755,RAKUTEN GROUP INC,,1755068760064,,-106.281204,1.7685066,0.00206,-0.09503999,,-0.07125,0.07194,4.11275,,,-0.299141873732849,0.0148967725044406,0.13275464444812,0.471315529179031,-0.289070227497527,0.216087289812067,808.8,Consumer Cyclical,2.4 - Buy,
4901,FUJIFILM HOLDINGS CORPORATION,,3740135587840,13.821211,13.372118,1.0053058,0.03979,0.07675,,0.08271,0.10493,0.28832,0.026,0.022,-0.1712769277336,-0.219895725424495,-0.117414962027526,0.61134386077989,0.00870125684821141,0.252633902674831,3103,Industrials,2.0 - Buy,
4902,KONICA MINOLTA INC,,299900665856,,12.601745,0.577136,0.01699,-0.07164,,-0.01174,0.04099,0.77611,,0.0167,-0.107270001181754,-0.0130749271601897,0.186407432474005,0.153402537485583,-0.176141044653155,0.0648376997857967,606.9,Industrials,2.5 - Buy,
4911,SHISEIDO COMPANY LIMITED,,1252945952768,,25.294401,2.0856152,0.0092400005,-0.062329996,,-0.041939996,0.020680001,0.52016,,0.0186,-0.435393490459295,-0.168732106120732,-0.0640392400663791,0.275510204081633,-0.204719387755102,0.0137117346938776,3136,Consumer Defensive,2.3 - Buy,
5019,IDEMITSU KOSAN CO.LTD,,1728574128128,41.23576,10.7265,0.9823586,,,,0,0.0050700004,0.8938,-0.363,0.0249,0.0758790371152168,-0.103451976837061,-0.184652616663492,0.310662415869642,-0.291533829259653,0.032589443854056,1411.5,Energy,2.4 - Buy,
5020,ENEOS HOLDINGS INC,,3565487652864,76.22197,13.325625,1.1186004,0.0076,0.020539999,,0.01544,0.02645,0.74189,-0.353,0.0254,-0.267511010892711,-0.215606769287808,-0.208342932519586,0.357978121463599,-0.426631459826481,0.0637495284798189,1325.5,Energy,2.1 - Buy,
5101,YOKOHAMA RUBBER CO,,1075059687424,10.195169,13.061139,1.042887,0.052389998,0.10985,,0.08535,0.18125,0.51505,1.829,0.0255,0.175891817761406,0.110535716067491,0.0441181432321364,0.246882793017456,-0.0949097843626229,0.0984570338858735,6817,Consumer Cyclical,2.1 - Buy,
5108,BRIDGESTONE CORP,,4373642215424,28.810286,6.135485,1.1954025,0.052449998,0.08636,,0.07388,0.15727,0.22232,3.08,0.038,-0.146671963157966,-0.106700740250092,-0.0769246324985381,0.254009915427238,-0.0376202974628172,0.0752181393992417,3429,Consumer Cyclical,2.4 - Buy,
5201,AGC INC,,1225128935424,17.728949,13.9766445,0.8249327,0.02762,0.0467,,0.03359,0.06663,0.3733,1.394,0.0366,-0.23423847867055,-0.27469263211487,-0.136130374071303,0.178713815219275,-0.133298665279945,0.0198907956318253,5769,Industrials,2.8 - Hold,
5214,NIPPON ELECTRIC GLASS,,590440431616,20.736206,41.82586,1.2109965,0.03009,0.06111,,0.09511,0.11724,0.19629,,0.0212,0.508674996337456,0.0506031388502629,-0.0270384778338405,-0.0537471612414837,-0.29851122886702,-0.145008011607368,7926,Technology,,
5233,TAIHEIYO CEMENT CORP,,407691558912,7.935165,6.2581286,0.6393965,0.031889997,0.03717,,0.02575,0.112440005,0.62135,,0.0272,-0.445572026168193,-0.317923044001687,-0.269545426585471,0.449275362318841,-0.0976210008203445,0.235530079299973,3657,Basic Materials,2.5 - Buy,
5301,TOKAI CARBON CO,,222367023104,11.070366,11.900138,0.6984832,0.02476,0.06865,,0.06217,0.05313,0.58763,,0.0286,-0.0209054073510356,-0.095128782104792,-0.0915262530197853,0.440230436869899,0.00816130580892943,0.202592414786366,1041.5,Basic Materials,,
5332,TOTO LTD,,885203075072,220.56534,22.06286,1.7596445,0.03736,0.00458,,0.0058999998,0.09932,0.04858,,0.018,-0.428540985413528,-0.55427478018201,-0.26764294748053,0.467310549777117,-0.151188707280832,0.147845468053492,5384,Industrials,2.4 - Buy,
5333,NGK CORP,,1306269057024,25.184322,22.769648,1.6708311,0.04804,0.0734,,0,0.15057,0.31706,,0.0177,-0.270394031688086,-0.289919324696533,-0.121239148531335,0.0785824345146379,-0.176755447941889,-0.0361938586836893,4543,Industrials,,
5401,NIPPON STEEL CORPORATION,,3100270657536,,1.0631206,0.58255094,0.020450002,-0.00414,,-0.00605,0.04804,0.89929,-0.425,0.04,-0.249719024985512,-0.215449758792887,-0.208716844834404,0.449763991908294,-0.190829399865138,0.151944200944032,593.2,Basic Materials,2.6 - Hold,
5406,KOBE STEEL,,750110572544,5.9403934,6.903735,0.6197975,0.02777,0.07171,,0.0358,0.04927,0.64671,-0.534,0.0414,-0.316894686605154,-0.255328110521439,-0.300069495313762,0.353975334557859,-0.128837575439517,0.0660869063237995,1905.5,Basic Materials,3.1 - Hold,
5411,JFE HOLDINGS INC,,1111980769280,15.27438,5.4999685,0.4353742,0.0065200003,0.021860002,,0.01154,0.03227,0.74095,-0.407,0.0452,0.489077788630713,0.395584621311644,0.189281146690476,0.384439359267735,-0.0274599542334096,0.165141075514874,1748,Basic Materials,2.8 - Hold,
5631,JAPAN STEEL WORKS,,693782708224,31.476473,33.851734,3.409214,0.036989998,0.105450004,,0,0.08144,0.33768,,0.0096,0.105151391564825,-0.294715325655229,-0.184066537813516,0.379310344827586,0.16710875331565,0.312466843501326,9425,Industrials,1.0 - Strong Buy,
5706,MITSUI KINZOKU CO LTD,,2139192688640,45.818832,62.163334,5.8900557,0.08665,0.18378,,0.08451,0.17909001,0.36656,0.986,0.0068,-0.218225600540829,-0.364297757419316,-0.0863657365274491,0.516448248194705,-0.398234822144959,0.0745594276544531,37390,Industrials,1.6 - Buy,
5711,MITSUBISHI MATERIALS CORP,,725009956864,48.730785,16.505518,1.0111334,0.00686,0.03817,,0.01208,0.036140002,0.92904,0.261,0.0182,-0.553235166705044,-0.45000711136396,-0.330407365602933,0.207642393655371,-0.268204758471521,-0.0405809300648883,5548,Basic Materials,3.0 - Hold,
5713,SUMITOMO METAL MINING CO,,2783984484352,116.11374,25.30556,1.464508,0.01652,0.05041,,0,0.14564,0.30088,,0.0182,-0.56116710284537,-0.402929892609304,-0.174001037503562,0.331389698736638,-0.66958211856171,0.00789601554907677,10290,Basic Materials,2.4 - Buy,
5714,DOWA HOLDINGS,,581820874752,29.245394,20.558601,1.4630672,0.01663,0.05696,,0,0.0053,0.41992,,0.0223,-0.216508763619138,-0.24252036189371,-0.230945100168615,0.197544530542417,-0.199959746402335,0.0257479118446211,9937,Basic Materials,2.9 - Hold,
5801,FURUKAWA ELECTRIC CO,,3113610903552,88.5891,149.24467,8.243906,0.03115,0.14886,,0.041389998,0.04665,0.80545,3.374,0.0037,-0.497015999569394,-0.497420432435105,-0.466601000527834,0.197469498418437,-0.347040216900136,-0.12562132851333,44260,Industrials,1.8 - Buy,
5802,SUMITOMO ELECTRIC INDUSTRIES,,8033159610368,37.13987,46.60001,3.2296188,0.05074,0.110249996,,0.05224,0.08986,0.3016,,0.0118,-0.294350620236138,-0.427465660193344,-0.280384289261704,0.621359223300971,-0.029126213592233,0.162718446601942,10300,Consumer Cyclical,1.8 - Buy,
5803,FUJIKURA,,9749717319680,75.00955,19.445911,19.229765,0.13441,0.31145,,0,0.1758,0.23258,,0.0072,-0.160691641391332,-0.176514305050146,-0.144384576212387,0.154695194430294,-0.405671591102055,-0.0944953302767873,5889,Industrials,1.5 - Buy,
5831,SHIZUOKA FINANCIAL GROUP INC.,,1452180635648,17.178938,21.807787,1.1730556,0.00574,0.07481,,0,0.35810003,,,0.0293,-0.133079847908745,-0.119924077830521,-0.256162566630797,0.312557286892759,-0.0467461044912924,0.182663391384051,2727.5,Financial Services,2.1 - Buy,
6098,RECRUIT HOLDINGS CO LTD,,10964464304128,26.40729,25.949179,7.077574,0.1364,0.2732,,0.12835,0.19312,0.11883,0.308,0.0033,0.0711340588758604,0.0426464862888018,-0.072729442149916,0.52807844135999,0.0187189609066599,0.245383929708392,7853,Communication Services,1.7 - Buy,
6103,OKUMA CORPORATION,,259354165248,24.789362,15.634602,1.0888581,0.03056,0.044,,0.047399998,0.07151,0.03986,,0.023,-0.178316690442225,-0.138324627587541,-0.00520691913303195,0.15606936416185,-0.167630057803468,0.0131020809248556,4325,Industrials,2.2 - Buy,
6113,AMADA CO LTD,,770286616576,28.862736,19.319864,1.4741125,,,,0,0.1012,0.14011,,0.0249,-0.138542166593078,0.00765418319569361,-0.0123419420983254,0.41299959628583,-0.232943076301978,0.03869890997174,2477,Industrials,,
6146,DISCO CORPORATION,,8049882300416,64.00497,54.550533,14.84547,,,,0,0.43093,,0.154,0.006,-0.230136752024311,-0.13965990951632,-0.0939445403189742,0.34698275862069,-0.445043103448276,-0.0338766163793103,74240,Technology,2.0 - Buy,
6178,JAPAN POST HLDGS CO LTD,,5130616832000,14.75928,14.628856,0.53864473,0.00232,0.04378,,0.03148,0.09287,,,0.0268,0.120194672694075,-0.0330001770304831,-0.106493327528915,0.416803953871499,-0.14881933003844,0.146348160351455,1821,Financial Services,,
6273,SMC CORP,,4522650894336,28.96646,21.817661,2.214576,0.052810002,0.07903,,0.19417,0.22313999,0.01718,0.016,0.014,-0.464996888612321,-0.223760985190601,-0.140636025207426,0.396063102052213,-0.218204662850761,0.128205165433478,71630,Industrials,1.8 - Buy,
6301,KOMATSU,,6299550482432,15.556297,16.461807,1.8465877,0.06237,0.12517999,,0.0983,0.13864,0.43017,-0.115,0.0271,-0.317383381160847,-0.201286890044776,0.025425598877128,0.327420969818338,-0.299098841367472,-0.0931197253611787,6991,Industrials,3.0 - Hold,
6302,SUMITOMO HEAVY INDUSTRIES,,624342401024,20.179459,15.544583,0.9159051,0.024939999,0.046729997,,0.029000001,0.05335,0.36825,,0.0273,-0.266889228136691,-0.100981933423167,-0.0159809515637737,0.193455245428296,-0.0760346487006737,0.053897978825794,5195,Industrials,,
6305,HITACHI CONSTRUCTION MACHINERY,,1169414029312,13.42631,12.7932415,1.3422688,0.0469,0.09613,,0.05573,0.09359,0.64621,-0.388,0.0322,-0.136124654104625,0.19441159190276,0.100425509922822,0.604511551755503,-0.217755139166818,0.0816000909587047,5497,Industrials,,
6326,KUBOTA CORP,,3002987446272,16.158834,13.418351,1.1448741,0.027420001,0.07724,,0.06184,0.06559,0.8094,0.41,0.0199,-0.0546272269445926,-0.219321418088642,-0.0407470977862145,0.400984475577433,-0.242711094282469,0.128044945096554,2641,Industrials,2.0 - Buy,
6361,EBARA CORP,,2345808429056,30.901106,33.601517,1.8696595,0.04178,0.09571999,,0.04546,0.074200004,0.39549,0.359,0.0129,-0.420033362566258,-0.375112515195974,-0.276680587090496,0.362663032898579,-0.182402180260853,0.0650007786645902,5137,Industrials,1.5 - Buy,
6367,DAIKIN INDUSTRIES,,6333887676416,23.156475,21.84297,2.0088773,0.044510003,0.0929,,0.05666,0.05163,0.29449,-0.018,0.0148,-0.17228835714457,0.0645514538485923,0.419776635308326,0.285251964863615,-0.260286638927416,0.00809459084604713,21630,Industrials,2.1 - Buy,
6471,NSK,,596484751360,33.278732,20.959423,0.8777286,0.016929999,0.030869998,,0.023610001,0.04039,,1.149,0.0276,0.246177529127081,0.0720916799657003,0.0474012572328042,0.394585726004922,-0.179655455291222,0.0609789991796554,1219,Consumer Cyclical,,
6472,NTN CORP,,215449124864,,15.265375,0.778844,0.01975,-0.03797,,-0.01454,0.032,1.16732,,0.0308,0.585280269801722,0.0414057416274545,-0.116810593627978,0.572847682119205,-0.00662251655629133,0.193432671081678,362.4,Industrials,,
6473,JTEKT CORPORATION,,563926401024,29.387857,14.100931,0.7253516,0.01602,0.03312,,0.013200001,0.02483,0.30053,1.664,0.0338,0.0825606496964428,-0.126721540198638,-0.21250420406068,0.524132091447926,-0.187129551227773,0.265876375952583,1771.5,Consumer Cyclical,,
6479,MINEBEA MITSUMI INC,,1256191295488,19.954071,14.563062,1.4875637,,,,0,0.0679,0.5922,0.182,0.0162,-0.248303253343265,-0.0242965574274731,0.198875763263717,0.422634271099744,-0.264705882352941,0.158202429667519,3128,Technology,1.7 - Buy,
6501,HITACHI,,23474905022464,31.0793,29.13041,3.6917667,,,,0.08015,0.11703,0.16116,0.213,0.0087,-0.302347714542589,-0.276853965412235,0.0699217852650003,0.291192908074774,-0.113509346694932,0.119125650414338,5189,Industrials,1.6 - Buy,
6503,MITSUBISHI ELECTRIC CORP,,12335388295168,31.63474,36.50236,2.9705791,0.0357,0.09513,,0.06592,0.049450003,0.08262,-0.149,0.009,-0.0511674752994321,-0.00154370527859497,-0.052882543674369,0.12806901128069,-0.53550099535501,-0.0896056735235567,6028,Industrials,1.9 - Buy,
6504,FUJI ELECTRIC CO. LTD.,,1777627824128,20.979021,19.854467,2.362026,0.057140004,0.118190005,,0.07211,0.100430004,0.1309,,0.0154,0.162594955717854,-0.0547492093153126,0.00468112162622897,0.243781094527363,-0.203980099502488,0.111111111111111,12060,Industrials,1.9 - Buy,
6506,YASKAWA ELECTRIC CORP,,1425226858496,40.553505,26.81927,2.9474728,0.038,0.0784,,0.065,0.09607001,0.25293,-0.157,0.0133,0.247248919580296,0.180203921703793,0.138004810175144,0.21747042766151,-0.144676979071884,0.0307766515013648,5495,Industrials,2.0 - Buy,
6526,SOCIONEXT INC,,328407810048,33.238735,13.115901,2.5475802,0.043470003,0.06007,,0.04265,0.06257,0.00963,-0.431,0.0271,-0.390482196903146,-0.360683682782055,-0.325134854404457,0.654215581643543,0.0672358591248666,0.275346851654216,1874,Industrials,2.2 - Buy,
6532,BAYCURRENT INC,,872447737856,23.039904,22.95796,7.454011,0.22564,0.35793,,0.2551,0.37120998,0.05618,,0.0228,0.17417501285802,0.730821663997933,1.74722111355019,0.810269799825936,-0.129677980852916,0.241659442993908,5745,Industrials,1.5 - Strong Buy,
6645,OMRON CORP,,1018741915648,35.67199,19.113144,1.2604195,0.02254,0.0228,,0.028010001,0.073070005,0.23546,-0.496,0.0204,0.0378148084794914,-0.0692714074295275,-0.0326331489342598,0.254584057131828,-0.22794827253426,-0.0524819532908704,5181,Technology,2.5 - Buy,
6701,NEC CORP,,5896635678720,25.160412,6.163069,2.858588,,,,0.06978,0.07811,0.23861,,0.0074,0.262905644967388,-0.0127625671703003,0.321661623165394,0.805461521101332,0.128413450688332,0.373843376213045,4431,Technology,1.5 - Strong Buy,
6702,FUJITSU,,6750161338368,23.895384,25.596573,3.4111643,0.06934,0.16861,,0.13232,0.11943,0.0668,0.602,0.0133,0.113862258043856,0.0187737846453706,0.231123913633839,0.545197012619109,0.0198300283286119,0.207630955446819,3883,Technology,,
6723,RENESAS ELECTRONICS CORP,,5583257206784,,12.883562,2.2853792,0.03405,-0.0207,,-0.03918,0.22196,0.50105,-0.09,0.0094,0.549579045837231,0.635327615273344,0.322779330158605,0.234166937317311,-0.350438454043521,-0.000424683338746376,3079,Technology,1.8 - Buy,
6724,SEIKO EPSON CORP,,682351132672,13.591397,10.544167,0.7971747,0.03423,0.05116,,0.03127,0.07236,0.25996,-0.293,0.0346,-0.344007825770444,-0.0759745832551848,0.0598248207040898,0.173984503404555,-0.248649917821085,0.00669171166940596,2129.5,Technology,3.0 - Hold,
6752,PANASONIC HOLDINGS CORP,,7048397324288,22.052593,17.879774,1.4022444,0.01352,0.04152,,0.02559,-0.0083,0.33927,,0.0134,0.00545557386206289,-0.0720894474128098,-0.122907337336573,0.109638953295793,-0.392182842000662,-0.0860108314011263,3019,Technology,1.7 - Buy,
6753,SHARP CORP,,397371146240,6.778159,11.247932,1.5400953,,,,0.05584,0.02576,1.65674,,,-0.352770673776137,-0.25846534922968,-0.210735133163079,0.437908496732026,-0.444444444444444,0.0364145424836602,612,Technology,4.1 - Underperform,
6758,SONY GROUP CORPORATION,,19767054303232,16.20967,18.264193,2.4462729,0.0396,0.14917,,-0.0161,0.13736,0.19449,,0.0074,-0.136179352483396,-0.125440998347766,-0.0931434062662131,0.763299462044232,0.0161386730424387,0.437017543335326,3346,Technology,1.4 - Strong Buy,
6762,TDK CORP,,4889122439168,28.307692,24.101797,2.3350952,0.03731,0.09519,,0.07836,0.12309,0.3297,0.265,0.0134,-0.153417787086746,0.326022043239371,0.541216494005311,0.281055900621118,-0.37888198757764,0.0424278726708074,2576,Technology,1.7 - Buy,
6770,ALPS ALPINE CO LTD,,448276299776,9.406346,21.469955,1.0239062,0.03443,0.12336001,,0.05132,0.04689,0.20468,0.265,0.0273,0.192099994249599,-0.117750389412527,-0.109051121900181,0.262241566920566,-0.41240478781284,-0.0313886833514689,2297.5,Technology,2.8 - Hold,
6841,YOKOGAWA ELECTRIC CORP,,1421848739840,25.255539,25.842281,2.813871,0.07281,0.12224,,0.09911,0.14072,0.04703,0.118,0.0142,-0.198009159519883,-0.296327493261456,-0.278381348657412,0.343123209169054,-0.140401146131805,0.063977435530086,5584,Industrials,2.1 - Buy,
6857,ADVANTEST CORP,,19747590635520,76.61756,114.41551,29.294245,0.2825,0.49263,,0.27931,0.41479,0.13526,0.535,0.0018,-0.388876464856265,-0.249544297181094,-0.0929592861635858,0.286764705882353,-0.246323529411765,0.0738970588235294,27200,Technology,1.9 - Buy,
6861,KEYENCE CORP,,15320317165568,37.5121,33.82796,4.5932584,,,,0,0.49844003,,,0.0086,0.361760423993588,0.0775488824701316,0.0205277692543725,0.282254234605034,-0.0501820484407155,0.119498971030552,63170,Technology,1.8 - Buy,
6902,DENSO CORP,,5228240830464,15.286624,10.081942,0.98935574,0.03577,0.07893,,0.051570002,0.086330004,0.17641,0.256,0.0326,-0.296457384336754,-0.177985533304894,0.0236015006486186,0.337448559670782,0.0288065843621399,0.182163065843621,1944,Consumer Cyclical,2.3 - Buy,
6920,LASERTEC CORP,,3990357540864,46.15624,40.762882,17.690731,0.25537002,0.42963,,0.34724998,0.48946998,,-0.22,0.0078,-0.204057533731361,-0.263970159320427,0.0879783125146849,0.172506738544474,-0.649595687331536,-0.181940700808625,44520,Technology,2.5 - Buy,
6954,FANUC CORPORATION,,6045004464128,38.461082,37.42129,3.3671784,0.05585,0.093660004,,0.19348,0.19347,,0.127,0.0158,0.089919203723044,0.0212374039663567,-0.0203665187493649,0.281259648039518,-0.228156838530411,0.0508644643408459,6478,Industrials,2.3 - Buy,
6963,ROHM CO LTD,,1445316132864,,43.088963,1.5616436,,,,0,0.01635,0.43189,,0.0131,-0.247087111951238,-0.372609617858757,-0.428988363097589,0.0416666666666667,-0.465811965811966,-0.213556543803419,3744,Technology,2.8 - Hold,
6971,KYOCERA CORP,,3630717206528,87.99807,30.597765,1.1018853,0.01161,0.03185,,0.05073,0.05404,0.10173,,0.0182,0.00246760139713871,-0.0439861076251922,0.0191288400380947,0.0954902318787658,-0.452254884060617,-0.10548008033595,2738.5,Industrials,2.6 - Hold,
6976,TAIYO YUDEN CO LTD,,759307173888,199.14726,32.42031,2.2397714,0.01887,0.020130001,,0.01924,0.083100006,0.50447,0.542,0.0145,0.339066945643324,0.261277528928705,0.968835081122522,0.185770750988142,-0.522397891963109,-0.19982435770751,6072,Technology,2.4 - Buy,
6981,MURATA MANUFACTURING CO,,8755624804352,46.567917,30.383425,3.3489597,0.054770004,0.07253,,0.106529996,0.08103,0.02336,-0.641,0.0127,-0.13712349913333,0.210503818204924,0.525834497696335,0.205821205821206,-0.230769230769231,-0.057722869022869,4810,Technology,1.6 - Buy,
6988,NITTO DENKO CORP,,2258107629568,18.31794,17.491129,2.0460858,0.08295,0.12399,,0.13139,0.19570999,0.00046,0.334,0.0178,-0.261926867078724,0.01059312852382,-0.0132091171683699,0.491646778042959,-0.194510739856802,0.155076968973747,3352,Basic Materials,2.2 - Buy,
7004,KANADEVIA CORPORATION,,201557344256,11.367303,8.93563,1.1409795,0.013099999,0.058080003,,0,0.01982,0.88173,,0.0204,0.291293844367015,-0.077921311563855,0.0884337206544938,-0.140233722871452,-0.207011686143573,-0.173622704507513,1198,Industrials,,
7011,MITSUBISHI HEAVY INDUSTRIES,,15194442956800,55.75145,48.796806,5.7272334,,,,0.053579997,0.10017,0.3474,0.478,0.0053,-0.0292589838736515,0.0179363413196377,0.0803461189601736,0.481645289694825,-0.411764705882353,0.186632021229544,4522,Industrials,1.6 - Buy,
7012,KAWASAKI HEAVY INDUSTRIES,,2622885986304,27.244312,5.500245,3.247368,,,,0,0.07251,1.19466,,0.0106,0.291749945535899,-0.0143886727765754,0.0931391299383421,0.332058636073932,-0.216061185468451,0.17112810707457,3138,Industrials,1.3 - Strong Buy,
7013,IHI CORPORATION,,3272690106368,25.299131,5.3375063,5.8058076,0.03822,0.23552,,0.07531,0.07311,1.07954,-0.224,0.0063,0.0328920001610228,-0.0418414905075645,0.116727544825715,0.84645286686103,0.101392938127632,0.457078069322967,3087,Industrials,2.1 - Buy,
7186,YOKOHAMA FINANCIAL GROUP INC,,1636895555584,17.920841,19.802916,1.1908628,,,,0,0.45983002,,0.657,0.0255,-0.120525970641153,-0.125804387144646,-0.0983402342190573,0.349693251533742,-0.216087252897069,0.14519427402863,1467,Financial Services,2.0 - Buy,
7201,NISSAN MOTOR CO,,1293423345664,,-25.22154,0.26420513,-0.00014,-0.15938,,-0.07675,0.00585,1.7111,,,-0.234560704161234,-0.0119530182107147,0.141506852609821,0.756756756756757,-0.189189189189189,0.118123972972973,370,Consumer Cyclical,3.2 - Hold,
7202,ISUZU MOTORS,,1626691600384,12.83066,9.302782,1.1187934,0.03743,0.10573,,0.03988,0.07756,0.54783,0.326,0.0391,-0.0562417342911856,-0.243914457775351,-0.183887561158237,0.4702154626109,-0.0283058724123363,0.162864385297845,2367,Consumer Cyclical,2.1 - Buy,
7203,TOYOTA MOTOR CORP,,42749503995904,11.546044,10.116588,1.0968531,0.0273,0.10032,,0.073249996,0.08851,1.05339,-0.423,0.028,-0.00230504120546172,-0.195873511739987,-0.110743932072918,0.371951219512195,0.00609756097560976,0.215377347560976,3280,Consumer Cyclical,1.8 - Buy,
7211,MITSUBISHI MOTOR CORP,,438578249728,128.50981,3.5908394,0.49174747,0.01784,0.010620001,,0.00118,0.0201,0.44976,,0.0298,-0.204244545413649,-0.137255916505239,-0.149808199647919,0.678364357644187,0.00701861458651209,0.259466768385719,327.7,Consumer Cyclical,3.1 - Hold,
7261,MAZDA MOTOR CORP,,682504159232,20.407393,3.9474642,0.3765283,0.00225,0.00521,,0.00182,0.024349999,0.47568,-0.446,0.0498,-0.1789567489818,-0.183648192435891,0.0162725736961333,0.848428835489834,-0.0757855822550832,0.221283364140481,1082,Consumer Cyclical,2.6 - Hold,
7267,HONDA MOTOR CO,,5223803781120,10.760965,5.882353,0.4190555,0.012940001,0.042969998,,0.02325,0.0287,1.06013,-0.412,0.0522,-0.290044389170161,-0.212058281369524,-0.22728955028184,0.453055141579732,-0.180327868852459,0.149732637853949,1342,Consumer Cyclical,2.5 - Buy,
7269,SUZUKI MOTOR CORP,,3604849360896,9.21124,10.6014185,1.0912912,0.058909997,0.13446,,0.0678,0.09236,0.18304,0.205,0.0243,-0.461470154291142,-0.484068366162431,-0.344821247236613,0.685844260101686,0.0703773080010704,0.450675996788868,1868.5,Consumer Cyclical,1.6 - Buy,
7270,SUBARU CORPORATION,,1839009234944,7.086343,5.7585464,0.66901356,0.01245,0.037639998,,0.022219999,-0.03211,0.15018,,0.0448,0.0657353152853005,-0.0324898463627388,0.0361317944132421,0.711729235557285,-0.105232445049601,0.273682163003307,2570.5,Consumer Cyclical,2.7 - Hold,
7272,YAMAHA MOTOR CO,,1105800462336,7.103706,6.02642,0.97745883,0.02398,0.02882,,0.00636,0.00588,0.87148,,0.0432,-0.213324960789542,-0.142503718528114,0.222774988825531,0.31521262604121,-0.123191582639193,0.0320035072336694,1140.5,Consumer Cyclical,2.8 - Hold,
7453,RYOHIN KEIKAKU CO,,2009185124352,33.731396,24.033272,5.4976735,0.03271,-0.04765,,-0.01726,0.03749,0.59899,,0.0083,-0.422689233466202,-0.208742788347646,-0.0890921522195911,0.42668428005284,-0.154557463672391,0.0805812417437252,3785,Consumer Cyclical,1.5 - Buy,
7532,PAN PACIFIC INTL HLDGS CORP,,2815179620352,28.22049,5.316327,4.27857,0.06543,0.15955,,0.043070003,0.08267,0.60527,0.052,0.0089,-0.535227652068213,-0.465556496082123,-0.432633013303686,0.380042462845011,-0.182590233545648,0.190859872611465,942,Consumer Defensive,1.8 - Buy,
7731,NIKON CORP,,650929111040,77.39726,18.67504,1.1296495,-0.00408,-0.13925,,-0.12724,-0.04528,0.42254,,0.0205,0.127386664055615,-0.128667958740198,-0.178225678463736,0.0619469026548673,-0.443742098609355,-0.191403286978508,1977.5,Consumer Cyclical,3.5 - Hold,
7733,OLYMPUS CORPORATION,,1723720663040,18.131805,12.460204,2.2289076,0.06099,0.11247,,0.0859,0.092080005,0.30752,-0.469,0.019,-0.46660180135146,-0.493058219003344,-0.439387608649625,0.469179175982114,-0.0418396678377515,0.117853720855957,1565.5,Healthcare,2.6 - Hold,
7735,SCREEN HOLDINGS CO LTD,,2023242858496,34.29927,12.232765,4.5657797,0.103649996,0.19765,,0.14374,0.20513001,0.00916,,0.0132,-0.280708347033679,-0.0962563398616991,0.0454327903712293,0.518691588785047,-0.439252336448598,0.091588785046729,10700,Technology,2.3 - Buy,
7741,HOYA CORP,,9756690350080,47.669983,42.404015,9.53377,0.09049,0.24176,,0.27359,0.42744,0.03977,0.862,0.0081,0.077838107980072,0.0402242888934238,0.079914779008301,0.208146358301691,-0.202623403520884,0.00978025543665858,28970,Healthcare,1.6 - Buy,
7751,CANON INC,,3923253395456,12.208669,12.369997,1.1282847,0.04888,0.096549995,,0.0718,0.12337,0.2507,,0.0356,0.000367732625797127,-0.0572669527464115,-0.0343610806934956,0.360392506690455,-0.0410347903657449,0.117305976806423,4484,Technology,2.6 - Hold,
7752,RICOH CO,,773587009536,12.880296,11.769291,0.6788934,0.03154,0.059180003,,0.02513,0.052399997,0.45715,,0.0292,-0.428765455767574,-0.275777041551807,-0.179000762580435,0.177336276674025,-0.190581309786608,0.0301692420897719,1359,Industrials,3.3 - Hold,
7832,BANDAI NAMCO HOLDINGS INC,,2525942251520,19.948013,23.035725,2.9655695,0.08619001,0.13791999,,0.089779995,0.14484,,-0.239,0.0117,-0.230706496063971,-0.240324699140194,-0.209901850974094,0.73735309146653,0.0602963719979561,0.315629790495657,3914,Consumer Cyclical,1.9 - Buy,
7911,TOPPAN HOLDINGS INC,,1307538751488,15.788936,17.346556,0.9970946,0.019809999,0.05499,,0,0.04361,0.35608,,0.0121,0.471413516005796,0.144839366749175,0.168191084169304,0.33764832793959,0.272923408845739,0.298813376483279,4635,Industrials,1.2 - Strong Buy,
7912,DAI NIPPON PRINTING CO,,1311223316480,16.639227,15.44732,1.155357,0.033859998,0.06647,,0.05309,0.0762,0.2059,-0.002,0.0132,-0.230189188105677,-0.166106816245841,-0.053140898031409,0.286279683377309,-0.175461741424802,0.0257255936675462,3032,Industrials,2.6 - Hold,
7951,YAMAHA CORP,,536077303808,31.492071,15.880194,1.1398696,0.040689997,0.03986,,0.04255,0.09571999,0.06988,0.243,0.0214,-0.180626175541537,-0.187423071147748,-0.122571029274022,0.155592241023525,-0.174576970697482,-0.0248216260833678,1211.5,Consumer Cyclical,,
7974,NINTENDO CO LTD,,9717194686464,26.563929,24.76714,3.2983928,0.05782,0.14130001,,0.18938999,0.1925,,0.244,0.0213,-0.453727035489972,-0.184539234797233,-0.0472511234174265,1.5222446316289,-0.228852770198126,0.414854431130621,8429,Communication Services,1.9 - Buy,
8001,ITOCHU CORP,,13739126423552,14.76871,3.03351,2.176962,0.02606,0.14241,,0.06196,0.0461,0.70966,-0.124,0.0223,-0.392378315244164,-0.223772390632518,-0.192076191928135,0.476954418130889,0.0695187165775401,0.23719414311179,1963.5,Industrials,1.8 - Buy,
8002,MARUBENI CORP,,9832020049920,17.431087,19.306374,2.3813767,0.020739999,0.12854,,0.061880004,0.03261,0.62996,-0.315,0.0183,-0.308124024795245,-0.257734845674105,-0.146028181563682,0.183136143976004,-0.216797200466589,0.0263674387602066,6001,Industrials,2.0 - Buy,
8015,TOYOTA TSUSHO CORP,,6667229462528,18.107008,17.947989,2.213911,0.04349,0.135,,0.03365,0.04783,0.74784,0.039,0.0185,-0.402387538561436,-0.311107490284114,-0.247938627482083,0.307996832937451,0.108471892319873,0.212306318289786,6315,Industrials,1.7 - Buy,
8031,MITSUI & CO,,16413944184832,18.341053,19.669899,1.9597591,0.016490001,0.10781,,0.061279997,0.04034,0.6698,-0.204,0.0206,-0.412778410014632,-0.37399838958891,-0.255450008244835,0.349480968858132,-0.275086505190311,0.105403287197232,5780,Industrials,1.9 - Buy,
8035,TOKYO ELECTRON,,20913091248128,38.893845,35.76004,10.465431,0.14675,0.26457,,0.21077,0.21038,,-0.244,0.0136,0.0226744520411236,-0.144170725038244,0.091380725660811,0.354303189165574,-0.421144604630843,0.0458119921363041,45780,Technology,1.8 - Buy,
8053,SUMITOMO CORP,,7144036368384,11.913286,13.512599,1.5753245,0.01908,0.12635,,0.0753,0.054250002,1.00889,-0.334,0.0233,-0.342874697187796,-0.254970284205481,-0.217504316071188,0.352253756260434,-0.165275459098498,0.181413439065109,5990,Industrials,1.8 - Buy,
8058,MITSUBISHI CORP,,17790790533120,27.634207,22.844748,1.9719948,0.008909999,0.08528,,0.039839998,0.04211,0.69116,0.278,0.0224,-0.318808299906494,-0.268950302033178,-0.13009449392802,0.445086705202312,-0.322720891824938,0.0341326176713459,4844,Industrials,2.4 - Buy,
8233,TAKASHIMAYA CO,,568008441856,,14.715707,1.2628385,0.025320001,-0.0143099995,,-0.02039,0.14197,0.86755,,0.0204,-0.19371926860543,-0.0910617838968499,0.270999471422334,0.0317255610007738,-0.014702089244261,0.0201186484395151,1938.5,Consumer Cyclical,3.0 - Hold,
8252,MARUI GROUP CO LTD,,543672598528,18.792322,19.13467,2.2818048,,,,0,0.19316,3.24808,0.001,0.0434,-0.18772728574292,-0.240491612688922,-0.237012288058969,0.421487603305785,0.0247933884297521,0.171717123966942,3025,Financial Services,2.2 - Buy,
8253,CREDIT SAISON CO,,631994646528,10.201955,13.074708,0.85470414,0.01696,0.078449994,,0.107580006,0.47654,4.7848,,0.0296,0.343678876417608,-0.0632136455378187,-0.118939055632595,0.271282633371169,-0.114642451759364,0.143586833144154,4405,Financial Services,1.9 - Buy,
8267,AEON CO LTD,,4656229515264,62.495358,26.854956,3.8160496,0.01161,0.057579998,,0.00678,0.04264,2.01846,0.754,0.0082,-0.0734564881565396,-0.157830240131703,-0.150067538031985,0.54486036838978,-0.518716577540107,0.0888294711824124,1683,Consumer Cyclical,3.3 - Hold,
8304,AOZORA BANK,,360967143424,16.39844,14.042313,0.76087606,0.0032,0.0557,,0.21368,0.23573999,,0.905,0.0331,-0.0531237034881201,0.104219230859586,0.00567832784664572,0.0197431474027219,-0.283112900134177,-0.072263753114817,2608.5,Financial Services,4.2 - Underperform,
8306,MITSUBISHI UFJ FINANCIAL GROUP ,,31949544488960,16.79822,18.660997,1.5018154,0.00327,0.06113,,0.22768,0.34842,,0.087,0.0272,-0.214166965510256,-0.190256202951807,-0.0305107425431421,0.328387210740152,-0.251015721603957,0.0810810810810811,2830.5,Financial Services,1.9 - Buy,
8308,RESONA HOLDINGS,,4310264446976,18.106548,21.729504,1.4838555,0.0034599998,0.09394,,0.24778,0.39369,,0.465,0.0148,-0.151832578660934,0.447464797927445,0.429457072551377,0.275150248236216,-0.367650901489417,0.0133739221322184,1913.5,Financial Services,2.5 - Buy,
8309,SUMITOMO MITSUI TRUST GP INC,,3620838834176,12.282195,13.98799,1.0889983,0.00377,0.09287,,0.19108,0.32852,,0.045,0.032,0.0150323413138711,-0.0396391628724631,0.00403687685269387,0.24157844080847,-0.137632338787295,0.0612769008662175,5195,Financial Services,2.2 - Buy,
8316,SUMITOMO MITSUI FINANCIAL GROUP,,20888296620032,14.646749,17.214687,1.3381023,0.00244,0.04933,,0.20729999,0.39305001,,0.141,0.0282,-0.274306879687427,-0.27613978605979,-0.200250883678838,0.380003655638823,-0.67708524949735,0.0804755986108573,5471,Financial Services,1.7 - Buy,
8331,CHIBA BANK,,1451871305728,16.57769,18.855356,1.1683633,0.00414,0.07361,,0.28004998,0.42058,,0.493,0.0258,0.555365167359624,-0.0121807510399454,-0.117313692291461,0.345830329247777,-0.230954097572699,0.121525258351358,2080.5,Financial Services,2.1 - Buy,
8354,FUKUOKA FINANCIAL GROUP INC.,,1181599006720,15.449042,15.373458,1.1236795,,,,0.2313,0.38415,,,0.0282,-0.0795953929193762,-0.248458079662568,-0.283139972879313,0.271389732928194,-0.104429873660643,0.0864784903246442,6253,Financial Services,2.6 - Hold,
8411,MIZUHO FINANCIAL GROUP,,16260989452288,15.748199,19.745714,1.4692318,0.0036199999,0.09653,,0.26132,0.36258,,0.164,0.0214,-0.126609233038691,-0.115770563210219,0.0229285096076062,0.430720625846246,-0.262825334737476,0.0806253196930947,6647,Financial Services,2.1 - Buy,
8591,ORIX CORPORATION,,5432985255936,11.883258,13.311269,1.1942188,0.022939999,0.106850006,,0.15005,0.19553,1.42118,0.366,0.0372,-0.283244052030179,-0.131065327408384,-0.0812888954038459,0.273499090357793,-0.0297149787750152,0.0992071962805741,4947,Financial Services,1.8 - Buy,
8601,DAIWA SECURITIES GROUP,,2110326177792,13.96223,15.474498,1.2281297,0.00452,0.08713,,0.21354,0.31309998,12.47314,0.001,0.0381,-0.245048274280741,-0.265243097703012,-0.179762788311923,0.175311884438608,-0.179251477347341,0.00131319763624425,1523,Financial Services,3.0 - Hold,
8604,NOMURA HOLDINGS INC.,,3852738494464,11.308364,14.672897,1.0721321,0.00607,0.09928001,,0.17627001,0.24507,8.95372,-0.087,0.0403,-0.393416517360811,-0.299424980464101,-0.00716312812888953,0.558636193330836,-0.0258523791682278,0.145560134881978,1334.5,Financial Services,2.3 - Buy,
8630,SOMPO HOLDINGS INC,,5268813905920,12.94635,21.570135,1.0601977,0.03703,0.17385,,0.12206,0.14319,0.14265,,0.0255,-0.219074915388603,-0.267510441179588,-0.251551702298349,0.375679347826087,-0.186650815217391,0.0752069293478261,5888,Financial Services,2.2 - Buy,
8697,JAPAN EXCHANGE GROUP,,1940693843968,30.859758,30.481112,6.055921,0.00082,0.21275,,0.37916002,0.58958,0.15789,0.411,0.0324,-0.226925237324179,-0.296816229507613,-0.287020657635685,0.165254237288136,-0.205508474576271,-0.00953389830508475,1888,Financial Services,,
8725,MS&AD INS GP HLDGS,,5859253944320,8.322449,9.760961,1.285235,0.02303,0.16309999,,0.10217,0.13982001,0.16931,0.021,0.0298,-0.215682750406295,-0.282595691315891,-0.257936855472599,0.494768310911809,-0.185351270553064,0.104316641753861,4014,Financial Services,2.5 - Buy,
8750,DAIICHI LIFE GROUP INC,,5220407967744,13.06176,3.9053206,1.2851058,0.00656,0.11201999,,0.04598,-0.00184,0.69352,0.35,0.0356,-0.268153587898492,-0.185550647433878,-0.229449832498565,0.294565593631014,-0.238490827275874,0.0856225683627553,1444.5,Financial Services,,
8766,TOKIO MARINE HOLDINGS INC,,13792649936896,13.0256,14.520709,2.5568323,0.02939,0.20663999,,0.12564999,0.14395,0.04217,0.047,0.0294,-0.330328141892879,-0.256043771710342,-0.326931384088617,0.374493644363738,-0.231736276016203,0.101499650789216,7159,Financial Services,1.7 - Buy,
8795,T&D HOLDINGS INC,,1840810426368,15.222762,15.443079,1.1457266,0.01322,0.07617,,0.04438,0.046869997,0.13667,-0.189,0.0332,-0.253963568353509,-0.293891340995097,-0.364786305031605,0.335078534031414,0.0732984293193717,0.185340314136126,3820,Financial Services,1.7 - Buy,
8801,MITSUI FUDOSAN,,4767470321664,15.541141,18.404715,1.499519,,,,0.11078,0.13342,1.43103,0.224,0.0194,-0.30506520574182,-0.182594907203012,-0.0725179919137942,0.429388221841052,0.109205260148656,0.251104631217839,1749,Real Estate,1.6 - Buy,
8802,MITSUBISHI ESTATE CO,,5538541207552,28.887907,30.369583,2.1898358,0.02657,0.09404001,,0.13783,0.25656998,1.36288,0.813,0.0101,-0.503499076378181,-0.268535627735297,-0.286350719454272,0.463840943849683,-0.0168232466681232,0.18696242079965,4577,Real Estate,1.5 - Strong Buy,
8804,TOKYO TATEMONO CO,,771050766336,13.126458,15.081008,1.3046035,0.027560001,0.10379,,0.124060005,0.257,2.22814,-0.026,0.0328,-0.250566231250267,-0.122703593801517,0.250060670776101,0.292407108239095,0.0366182014001077,0.166756462035541,3714,Real Estate,2.4 - Buy,
8830,SUMITOMO REALTY & DEVELOPMENT C,,4372439760896,22.084482,11.287237,1.8142501,0.026730001,0.09603,,0,0.28717,1.66258,,0.0092,-0.330379844199353,-0.331068914778946,-0.286517557193404,0.313281084515992,-0.152721880957424,0.136893242957001,4721,Real Estate,1.8 - Buy,
9001,TOBU RAILWAY CO,,557385252864,11.330999,12.491777,0.9333827,,,,0,0.13695,1.3239,,0.0234,-0.397467832540242,-0.262334672575642,-0.277266387726639,0.263823064770932,0.0180796910654731,0.114621730735475,2848.5,Industrials,,
9005,TOKYU CORP,,1007637233664,11.746327,15.390646,1.1511536,,,,0,0.110649996,1.52066,-0.029,0.0178,1.13340690275764,0.627434976411029,0.453701111368091,0.414827391058291,0.0186757215619694,0.227261743067346,1767,Consumer Cyclical,2.4 - Buy,
9007,ODAKYU ELECTRIC RAILWAY CO,,560291512320,13.302188,14.556054,1.1246537,0.02414,0.08952,,0.10373,0.15675001,1.34612,,0.0303,-0.0585455237732617,-0.0266796318731535,-0.160222180948622,0.232285890326556,-0.0141712877387554,0.103922735674677,1623,Industrials,2.5 - Buy,
9008,KEIO CORPORATION,,449893400576,11.696065,2.8360448,1.0327008,0.029360002,0.08625,,0.0773,0.12845999,1.0484,-0.152,0.0279,0.018091195846213,-0.102713666368504,-0.20462420801032,0.185872647589585,-0.0332559938128383,0.111111111111111,775.8,Industrials,,
9009,KEISEI ELECTRIC RAILWAY CO,,568549965824,7.9367213,3.5772803,1.0234756,0.01959,0.09781,,0.15713,0.1294,0.65571,-0.518,0.015,0.131414803969121,-0.224085432586374,-0.19809042038403,0.272264631043257,0.102629346904156,0.199321458863444,1179,Industrials,,
9020,EAST JAPAN RAILWAY CO,,3999950962688,17.284433,17.187197,1.3257216,0.022950001,0.07711,,0.07566,0.15205,1.58718,-0.058,0.0199,0.121802493430058,-0.0585055356278674,-0.0942464990082458,0.49548532731377,-0.181715575620767,0.144422488713318,3544,Industrials,2.6 - Hold,
9021,WEST JAPAN RAILWAY CO,,1385275195392,10.8008375,12.89448,1.1639841,0.03365,0.09794,,0.06677,0.15868,1.13508,-0.211,0.0297,-0.30433408359227,0.00894240880162454,0.00520997478726757,0.281208935611038,-0.0144546649145861,0.0972703022339028,3044,Industrials,2.8 - Hold,
9022,CENTRAL JAPAN RAILWAY CO,,4024490524672,7.8932085,9.9241495,0.8124554,0.04922,0.114300005,,0.27341,0.45626998,0.9552,0.149,0.0075,-0.154823219317115,-0.271598169031758,-0.10025027218868,0.305483028720627,-0.178732494659388,0.110847377165915,4213,Industrials,2.5 - Buy,
9064,YAMATO HOLDINGS CO LTD,,580310269952,17.167885,16.947193,0.9924815,0.01254,0.057930004,,0.01844,0.07964,0.31921,-0.193,0.0253,-0.439741272709978,-0.317427952420391,-0.219967503707716,0.260572987721692,-0.236016371077763,0.0701227830832197,1832.5,Industrials,3.2 - Hold,
9101,NIPPON YUSEN KABUSHIKI KAISHA,,2389989654528,8.106914,11.461139,0.8362023,0.01764,0.079840004,,0.094560005,0.05092,0.41551,-0.632,0.0339,-0.499239188315754,-0.424179316156003,-0.401878345081612,0.260217983651226,-0.443119891008174,-0.0247243869209809,5872,Industrials,2.9 - Hold,
9104,MITSUI O.S.K. LINES LTD,,2091023204352,7.2777696,10.819841,0.77353394,0.01599,0.08866,,0.13097,0.065,0.86728,-0.446,0.0328,-0.580239839953396,-0.534907758959102,-0.460869824860575,0.675427069645204,-0.411957950065703,0.10470673455979,6088,Industrials,2.3 - Buy,
9107,KAWASAKI KISEN KAISHA,,1615949070336,8.5202465,7.3162007,0.92884594,0.02174,0.07177,,0.12197,0.09644,0.13781,-0.654,0.0469,-0.543914202629762,-0.453213231919387,-0.377160866995877,0.0952474085663994,-0.514961861920595,-0.0831214551144142,2556.5,Industrials,,
9147,NIPPON EXPRESS HLDGS INC,,933330616320,358.7139,6.23441,1.1251862,0.01426,0.00485,,0.00105,0.01956,1.03504,,0.0261,0.0618110641804883,-0.0481011443514143,-0.139430383929161,0.19511561444531,-0.16601714731099,-0.00378168355416989,3849,Industrials,2.4 - Buy,
9201,JAPAN AIRLINES CO LTD,,1095200997376,9.064389,10.22636,0.9005863,0.04314,0.12172,,0.064899996,0.12669,0.68373,0.125,0.0373,-0.196278271233576,-0.0807721394420168,-0.0591490914032911,0.41287284144427,-0.0188383045525903,0.19309262166405,2548,Industrials,2.0 - Buy,
9202,ANA HOLDINGS INC,,1306024607744,10.04826,10.153414,0.9234742,0.034730002,0.12322,,0.06494,0.12094,0.81908,0.18,0.0208,-0.109868504223752,0.0416192798917198,0.102415963797515,0.367221735319895,-0.0184049079754601,0.183464785276074,2852.5,Industrials,2.3 - Buy,
9432,NTT INC,,12400818388992,12.125796,10.467354,1.3087229,0.02991,0.10722999,,0.0764,0.14651,2.81535,0.135,0.0345,-0.197845616078619,-0.192534329274905,-0.1929434765352,0.411687458962574,-0.0413657255416941,0.153268877216021,152.3,Communication Services,2.0 - Buy,
9433,KDDI CORPORATION,,10025940549632,14.573879,1130.2576,2.0348902,0.038259998,0.13715,,0.11368,0.18709,0.96453,,0.0305,-0.503065849803404,-0.365182986917413,-0.367750160908882,0.203721283463072,-0.0886652743497247,0.0637787734953485,2633.5,Communication Services,2.5 - Buy,
9434,SOFTBANK CORP.,,10603489918976,19.75089,19.154444,3.7116299,0.03619,0.17556,,0.083000004,0.14287,1.47373,,0.0386,-0.313119037692957,-0.279669953467924,-0.218106066685501,0.216216216216216,-0.0765765765765766,0.0678893243243243,222,Communication Services,2.1 - Buy,
9501,TOKYO ELEC POWER CO HLDGS INC,,966509330432,,2.84582,0.31238753,0.00769,-0.21519,,-0.11527,0.02829,2.11174,1.859,,-0.169122221312669,-0.200062194157927,-0.208926523714332,-0.253978779840849,-0.568965517241379,-0.411472148541114,603.2,Utilities,5.0 - Sell,
9502,CHUBU ELECTRIC POWER CO INC,,2027516985344,9.151352,11.432953,0.6738636,0.01954,0.082279995,,0.06627,0.02812,0.95899,0.794,0.0252,0.178945607102956,0.336450664232836,0.486834031231131,0.117734724292101,-0.269746646795827,0.0245901639344262,2684,Utilities,1.8 - Buy,
9503,KANSAI ELECTRIC POWER CO INC,,2723905011712,6.2882566,7.4422426,0.80644256,0.029649999,0.12425,,0.09635,0.1182,1.27419,,0.0365,0.335495130178365,0.13336899926817,0.0387421420219846,0.329243353783231,0.0224948875255624,0.156646216768916,2445,Utilities,2.8 - Hold,
9504,CHUGOKU ELECTRIC POWER CO INC,,345383239680,3.0959902,5.1158457,0.4549711,0.01959,0.12566,,0.06041,0.02552,4.35779,-0.799,0.0281,-0.0972234631480761,-0.217758812817656,-0.257864632983794,0.186881832378969,-0.0733992712129099,0.0593440916189485,960.5,Utilities,2.7 - Hold,
9505,HOKURIKU ELECTRIC POWER CO,,211102564352,3.0552702,6.7992196,0.47645116,0.03496,0.1751,,0,0.07524,2.21596,0.229,0.0242,-0.105510462639397,-0.173511285813318,-0.178138577635491,0.1578426521524,0.0390895596239485,0.0819726867887184,1010.5,Utilities,3.0 - Hold,
9506,TOHOKU ELECTRIC POWER CO INC,,572615557120,3.4821103,4.2910166,0.52271396,0.03011,0.16431999,,0.06959,0.07533,2.69083,0.282,0.0342,0.0174585814396241,-0.108212951859902,-0.241731247480778,0.520314547837484,0.00480559196155526,0.297509829619921,1144.5,Utilities,2.0 - Buy,
9507,SHIKOKU ELECTRIC POWER CO INC,,351407964160,4.590221,11.371493,0.753943,0.03326,0.15419,,0.08432999,-0.0055,1.85729,,0.0289,-0.0708060916267736,-0.271139360098212,-0.241330909159421,0.198479976615025,-0.064600993861444,0.0932475884244373,1710.5,Utilities,1.8 - Buy,
9508,KYUSHU ELECTRIC POWER CO INC,,817914511360,4.7571907,10.561016,0.72511274,0.028800001,0.16837999,,0.079,0.089370005,2.8286,0.094,0.0283,-0.071080150481413,-0.220579845443701,-0.299698947628885,0.61849710982659,-0.109826589595376,0.142196531791908,1730,Utilities,1.8 - Buy,
9509,HOKKAIDO ELECTRIC POWER CO INC,,208640245760,3.6632414,7.4876556,0.46980464,0.02476,0.1401,,0.06684,0.054390002,2.96405,0.002,0.0291,-0.111218613850592,-0.10164730790804,-0.187086801033396,1.36220472440945,0.0826771653543307,0.555118110236221,1016,Utilities,2.7 - Hold,
9531,TOKYO GAS CO,,2203722711040,12.744169,24.32243,1.390547,0.03247,0.12126,,0.07305,0.062069997,0.71525,,0.0151,-0.0317507713745397,-0.0482571030654674,-0.0647911819845052,0.17495451788963,-0.197998787143723,-0.0314837022437842,6596,Utilities,3.0 - Hold,
9532,OSAKA GAS CO,,2280673247232,13.201915,20.263248,1.3238285,0.03706,0.1079,,0.08913,0.0919,0.4512,0.176,0.0201,0.203773543534984,0.196635948153143,0.0531121372307307,0.231651763117935,-0.306563185422642,0.0322816770710308,5927,Utilities,1.7 - Buy,
9602,TOHO CO LTD,,1222516670464,23.80291,5.922658,2.3758528,0.062589996,0.10328,,0.14354,0.09834,0.00304,-0.432,0.015,-0.0433567586088249,0.132161718515191,1.04881828479302,0.579128046687264,0.0298661174047374,0.261929282526605,1456.5,Communication Services,2.0 - Buy,
9735,SECOM CO,,2390417211392,22.868862,24.8905,1.8951157,0.04551,0.08574,,0.08604,0.13676,0.04592,,0.0166,0.114669213754273,-0.134814117440995,-0.114671225800103,0.065989847715736,-0.0439932318104907,0.0148900169204738,5910,Industrials,,
9766,KONAMI GROUP CORPORATION,,2797210173440,32.509373,34.297916,5.210927,0.11316,0.16981001,,0.18527001,0.29999,0.10277,0.043,0.0089,-0.0711901993713129,-0.18288042840031,-0.125154106184132,0.43348679428156,0.0855342864065908,0.231431451417495,20635,Communication Services,1.6 - Buy,
9843,NITORI HOLDINGS CO LTD,,1380436934656,17.50627,2.7347116,1.4181466,0.05313,0.083950005,,0,0.17417999,0.19519,,0.0122,-0.137423637701664,-0.176896452357594,-0.0853675889328064,0.47359803520262,0.0233319688907081,0.201205648792468,2443,Consumer Cyclical,2.5 - Buy,
9983,FAST RETAILING CO LTD,,22629431902208,47.269886,53.88128,8.596306,0.10029,0.20616,,0.1306,0.17723,0.25405,0.298,0.0086,-0.122905291309155,-0.211695840936066,-0.140270706176275,0.152542372881356,-0.240677966101695,-0.0337045423728814,73750,Consumer Cyclical,1.9 - Buy,
9984,SOFTBANK GROUP CORP,,29525295497216,9.689727,17.545464,1.9115866,0.00695,0.26023,,0.48167,0.03838,1.32434,,0.0023,0.69213368763898,0.192053951149115,0.493288634571466,0.351090523065045,-0.401659911214051,0.00708247442578655,5181,Communication Services,1.9 - Buy,
