Ticker,Name,Fee,Bought,ISIN,ROA,Net Margin,Operating Margin,Debt To Equity,Earnings Growth,Vol 1D,Vol 3D,Vol 5D,Vol 30D,Dividend yield,Avg Volume,Market cap,PE ratio,Forward PE ratio,PB,Price 1D,Price 3D,Price 5D,Price 7D,Price 30D,Target high %,Target low %,Target mean %,Current price,Avg Rating 1D,Avg Rating 7D,Avg Rating Score,Avg Rating Label,Growth,Sector,Note
1615,NEXT FUNDS TOPIX Banks Exchange Traded Fund,0.19,5870,,,,,,,-0.544193628430537,-0.573751965842354,-0.654896890598557,-0.337530415604088,0.0285,2568099473,,16.2733270216522,20.4183184958341,1.60259688924485,0.0158436429880245,0.0369272237196765,0.0418415707515233,0.0493725957314183,0.00522599354370231,0.266544189147288,-0.328592303556168,0.0592146100757003,769.4,1.79,1.88,1.85942860277265,Buy,0.796996433617801,,Near peak
1329,iShares Core Nikkei 225 ETF,0.045,,,,,,,,-0.773722244167621,-0.704235302636239,-0.690702047395044,-0.393002010276089,0.0128,2639479074,,22.212421777783,23.5500401887105,7.73676347705324,0.00452422650321074,0.00790745350710207,0.00599239988307512,0.0168414832323829,-0.0321720561162883,0.590099840183895,-0.210172921687165,0.220590022978093,6883,2.11,2.52,1.84875,Buy,0.943201013662441,,
1542,Japan Physical Silver ETF,0.5,-1,,,,,,,-0.605711887903881,-0.272255284527691,0.266867261183505,-0.125591670695564,0,2814699200,,,,,-0.000934288383681096,0.00312695434646654,-0.012011087157376,0.102405498281787,0.162740123233055,,,,32080,2.33,2.33,,,,,
2854,Global X Japan Tech Top 20 ETF,0.275,,,,,,,,0.374969371706042,-0.0737594148479309,-0.228278092287063,1.19354741445115,0.0068,1182022150,,35.0498320061965,28.6387735224683,8.03963384547442,0.0177872643187478,0.0221507681314755,0.0441605839416058,0.0487536656891496,0.0476016111314537,0.643546446138725,-0.205161707376881,0.234822972850813,2861,2.11,2.11,1.61801184331547,Buy,1.22385939393314,,
2243,Global X Semiconductor ETF,0.375,,,,,,,,-0.830655732763632,-0.741523505418982,-0.748876315781479,-0.491681313743242,0.0014,1003995645,,40.2075885292572,17.4932748046835,16.3485715551957,-0.00424865831842576,0.0145819093187514,-0.00380313199105145,-0.0015695067264574,-0.108329995995194,0.996145661251985,-0.221451033024394,0.356400133533484,4453,3.4,3.03,1.6051151349917,Buy,2.29845977829677,,
1475,iShares Core TOPIX ETF,0.045,-1,,,,,,,-0.736563469811089,-0.751896531011605,-0.737267339808309,-0.339689629859938,0.0176,969002353.2,,18.4234471191242,15.3315765952155,3.63783268093928,0.00804165635098389,0.0137963991144675,0.0196172248803828,0.0337133461522462,0.0165937229509233,0.485201831814433,-0.178948832577511,0.174943998626791,426.2,1.79,2.25,1.90722235963394,Buy,1.20166683476464,,
316A,iFreeETF FANG+,0.55,-1,,,,,,,-0.706948168017601,-0.611365245777015,-0.609953895018923,-0.106864284934235,0,725169924,,,,,0.0121861152141802,0.0227611940298507,0.0227611940298507,0.0289039039039039,0.0327807083647325,,,,2741,2.25,2.27,,,,,
1655,iShares S&P 500 ETF,0.06,,,,,,,,-0.682447177557592,-0.38988084217793,-0.433336592041594,-0.0155569241585121,0.0086,907732996.2,,25.8850834038033,18.7109143924786,13.7166049759315,0.00407333362384537,0.00863834088711039,0.0128980992226429,0.0078364565587734,0.00558544320760137,0.554699594273957,-0.178735949216367,0.186597407586004,887.4,2.16,2.25,1.76141122278057,Buy,1.38342161483078,,
1671,Simplex WTI ETF,0.85,,,,,,,,-0.775733287735352,-0.500062533597948,-0.567157405005377,-0.309404947647552,0,646153456,,,,,0.0229331277702833,-0.00840650102746124,-0.0273043796958036,-0.00914691058428225,0.0721066451221975,,,,5308,2.07,2.2,,,,,
2559,MAXIS World Equity (MSCI ACWI) ETF,0.078,,,,,,,,-0.467825334026276,-0.343589890178254,-0.362306911035147,-0.373980949575803,0.0116,759485988,,3.0560791,,,0.00198544010589014,0.00698370468905886,0.0103436770103437,0.0103436770103437,0.00866089273817455,,,,3028,2.07,2.25,,,,,
282A,Global X Japan Semiconductor Top 10 ETF,0.1,,,,,,,,-0.828333925124508,-0.622584148265638,-0.655647109536219,-0.11715774418095,0.0044,595932288,,37.2430559227931,29.2826083535683,11.5971651373181,-0.00974989402289106,-0.00170940170940171,-0.0143459915611814,-0.000855431993156544,-0.199725933538883,1.03012241246721,-0.222696054491158,0.412610685200202,2336,3.62,3.18,1.74186367539926,Buy,1.27184899217678,,
1328,NEXT FUNDS Gold Price Exchange Traded Fund,0.16,-1,,,,,,,-0.218871433163463,-0.0299200041143191,0.338124298530331,-0.158970848918848,0,680374500,,,,,-0.00547708273277602,-0.0196078431372549,0.00700525394045534,0.0563380281690141,0.117952041477641,,,,17250,1.93,1.98,,,,,
318A,SIMPLEX VIX Short-Term Futures ETF,0.89,,,,,,,,-0.331720430659234,-0.202844266032856,-0.123357649492999,0.111000807708865,0,457915455.3,,,,,-0.0173865960266131,-0.0403289841937728,-0.0466525940464661,-0.0796437659033079,-0.165050808384697,,,,361.7,4.39,3.91,,,,,
221A,MAXIS Nikkei Semiconductor Stock (Japan) ETF,0.14,,,,,,,,-0.847259128548753,-0.722527268330421,-0.756928776646199,-0.057187588385375,0.0043,271444341,,36.8032512804213,27.3857117411039,10.1613553354595,-0.0140412461605968,-0.00925925925925926,-0.0251626898047722,0,-0.204494865659232,1.39930686117667,-0.226202575044702,0.559947317385186,1123.5,3.76,3.03,1.69896828474548,Buy,1.34388514815127,,
2244,Global X US Tech Top 20 ETF,0.375,,,,,,,,-0.607971906132466,-0.65413052932765,-0.732264050634821,-0.449270327891477,0,254508210,,30.139914,,,0.0140134529147982,0.0180078784468205,0.0205923836389281,0.0194420963651733,-0.0149741355839913,,,,3618,1.98,2.41,,,,,
2516,TSE Growth 250 ETF,0.5,,,,,,,,0.633376985662593,-0.346296782958805,-0.478976215800597,-0.227798011482179,0,274281549,,24.858791,,,0.0283464566929134,0.0535656870940776,0.0704918032786885,0.110733071751137,0.118150684931507,,,,653,1.79,1.88,,,,,
1629,NEXT FUNDS TOPIX-17 COMMERCIAL & WHOLESALE TRADE ETF,0.32,7630,,,,,,,-0.765558569989607,-0.853173553655721,-0.836721615297153,-0.0395083130637513,0.0206,155801145.6,,17.0970349113026,7.51602993262585,1.96323198742278,0.0130742907484888,0.0066815372839513,0.0184003470959251,0.0475087153089448,0.0647821093421952,0.430404711378266,-0.0928928182473525,0.173505671532705,271.2,1.79,2.29,1.98920278523107,Buy,2.27474279168145,,Good
1541,Japan Physical Platinum ETF,0.5,,,,,,,,-0.788573020750292,-0.248623033965396,0.537861642255994,-0.220801558454684,0,355789706,,,,,0.0011671335200747,-0.0168481375358166,-0.0162844036697248,0.0761510475473592,0.106838709677419,,,,8578,2.06,2.28,,,,,
540A,Listed Index Fund Nikkei Bank Stock Top 10,0.15,,,,,,,,-0.238314734244579,-0.438510036906489,-0.177591776538745,0.736110899365067,,177051945,,17.470856,,,0.0145985401459854,0.0378297660527626,0.0425,0.0430215107553777,-0.00666984278227728,,,,2085,1.9,1.86,,,,,
513A,Global X Japan Defense Tech ETF,0.59,,,,,,,,-0.541864603671158,-0.579689783262626,-0.605981461819821,-0.323933134699106,,215609035,,24.8820849521944,8.49715726001166,3.13758566636665,0.0164512338425382,0.0273159144893112,0.0297619047619048,0.00815850815850816,0.0152582159624413,0.724327078620608,-0.0389160670662773,0.367517925526226,865,2.6,3.81,1.79289635539645,Buy,2.92828344713491,,
2840,iFreeETF NASDAQ100 (NON HEDGED),0.1,-1,,,,,,,-0.830917106592626,-0.57178591471967,-0.628562925732425,-0.516233583219731,0.0035,195062080,,30.1360491270682,19.9509289517475,15.6847286369591,0.00740740740740741,0.0145468108914584,0.0134128166915052,0.00815418828762046,-0.0257879656160458,0.720000722961984,-0.221512538725525,0.233740715202835,2720,2.2,2.25,1.70659852292898,Buy,1.51050856829544,,
1623,NEXT FUNDS TOPIX-17 STEEL & NONFERROUS ETF,0.32,,,,,,,,-0.920581930521405,-0.800327288080175,-0.806508896546874,-0.584230984513488,0.0094,125225040,,25.2987798651254,5.40603198870887,5.2990518296103,0,0.00618681152859514,0.0269521022639766,0.0352429746933706,0.0387910889546658,0.868417964050489,-0.108043851784826,0.373828233326234,66680,2.15,2.56,1.84608926325709,Buy,4.67973181031204,,
586A,NEXT FUNDS Nikkei Japan Entertainment Content Stock Index Exchange Traded Fund,0.35,8370,,,,,,,-0.545871983923551,0.144734447331285,-0.0418875582527878,0.304193788072761,,158831923,,23.1858630076769,16.3431527244366,4.15021420359141,0.0107227836200113,0.00672467139129794,0.0400490526112702,0.0494845360824742,0.217703349282297,0.482252591475333,-0.154511653272934,0.12415004733486,254.5,2.27,1.67,1.73681194276767,Buy,1.41868973499886,,Good
610A,Global X Space Tech Top 10 ETF (ex-Japan),0.704,,,,,,,,,,,,,107498048,,,,,,,,,,,,,1064,3.52,,,,,,
1597,MAXIS J-REIT ETF,0.145,,,,,,,,0.307327279580396,-0.674181545072155,-0.552296071064401,-0.117136962571349,0.046,158345871,,19.64004,,,-0.0111228813559322,-0.00638637573177222,0.00160944206008584,0.00376344086021505,-0.0214884696016772,,,,1867,4.02,3.71,,,,,
2513,NEXT FUNDS International Equity MSCI-KOKUSAI (Unhedged) ETF,0.17,,,,,,,,-0.911862466259029,-0.144211625431086,-0.534362537292508,-0.372648883357993,0.0095,147640538,,24.622335,,,0.00301617768028517,0.00439319055464031,0.0102181717757526,0.00771349862258953,0.00826901874310915,,,,3658,2.16,2.38,,,,,
408A,iShares A.I. Global Innovation Active ETF,0.77,,,,,,,,-0.758617800284163,-0.712834504029718,-0.667258528193017,-0.524356013384227,,140379635.2,,38.25408,,,-0.00135681075146338,0.0279329828002968,0.0144727347219146,0.0127278556504967,-0.0704136764998084,,,,294.4,2.47,2.98,,,,,
2640,Global X Japan Games & Animation ETF,0.59,,,,,,,,-0.55283088790864,-0.402771927590463,-0.192171666348162,0.84588601613332,0.0148,124538976,,22.94761,,,0.0194698569082806,0.0106976744186047,0.0551104637047827,0.0545983984469789,0.224225352112676,,,,4346,2.07,2.02,,,,,
1593,MAXIS JPX-Nikkei Index 400 ETF,0.078,,,,,,,,0.29876441775952,0.592240395587676,-0.0323412617878258,0.347129045804916,0.0181,108300500,,18.920473,,,0.0102335345053792,0.0139583882012115,0.0171730515191546,0.031065881092662,0.0231470408461559,,,,38500,1.88,2.38,,,,,
2080,PBR Improvement over 1x ETF,0.9,,,,,,,,-0.543080293512715,-0.707455246947812,-0.738734272923486,-0.230092746434864,0.0208,93350556,,15.465435,,,0.0076555023923445,0.0178830352827453,0.0218340611353712,0.0405138339920949,0.0359075258239056,,,,2106,1.88,2.17,,,,,
133A,Global X Ultra Short-Term T-Bill ETF,0.0975,,,,,,,,0.04969779800765,-0.848272261823919,0.867353028693169,0.0923950536921253,0.0304,202799260,,,,,0.00278035217794254,0.00278035217794254,0.00464252553389044,0.00464252553389044,-0.0109746599569297,,,,1082,2.55,2.78,,,,,
1678,NEXT FUNDS Nifty 50 Linked Exchange Traded Fund,0.95,,,,,,,,-0.460145202835042,0.334448922004774,0.0839977949717481,0.072715520300252,0.0392,135852804,,,,,0.00419492135888797,0.00419492135888797,0.00387096774193545,0.0126912214837402,-0.000115741580545254,,,,311.2,3.8,3.8,,,,,
356A,Global X S&P 500 Cash Flow Top 100 ETF,0.18,,,,,,,,-0.313030217433417,0.828691679259539,0.260248755616379,4.86199245617928,0.0039,113480874,,33.8728548117609,19.9140714775245,8.33312595846697,0.0113636363636364,0.0126422250316056,0.0262652146060218,0.0229885057471264,0.0223356732610083,0.652877226728584,-0.220430321520939,0.159962411276544,1602,1.88,1.91,1.75283548230325,Buy,1.70095074982485,,
1625,NEXT FUNDS TOPIX-17 ELECTRIC & PRECISION INSTRUMENTS ETF,0.32,,,,,,,,-0.592508795669824,-0.783009915245918,-0.747770391683478,-0.180813748153856,0.0046,89220600,,31.0924728173884,26.6179037286863,6.3566778560914,0.0127948204100509,0.0189205955334988,0.0262417994376757,0.0312352848846335,-0.0176435406698565,0.642839696601722,-0.200271034050899,0.269225425750197,65700,2.42,2.42,1.7014548145471,Buy,1.16810373703019,,
1546,NEXT FUNDS DJIA (Unhedged) Exchange Traded Fund,0.3,-1,,,,,,,-0.719877798367306,-0.330924188835922,-0.354898753159048,-0.259557324986088,0.0094,78674520,,21.7922471239424,19.0257548160312,6.03076879777065,0.00108564535585042,0.00520833333333333,0.0176578786020846,0.00654942389326865,0.00268579248434955,0.38158523647514,-0.198494504958038,0.122105370888305,82990,2.25,2.07,1.99891369563841,Buy,1.14540775567969,,
2638,Global X Japan Robotics & AI ETF,0.59,,,,,,,,-0.672282861546701,-0.726410055162227,-0.766588806729695,-0.335702822244325,0.0015,67296006,,27.238762,,,0.0130256791961295,0.0183314627759072,0.0236931177134261,0.0349809885931559,0.00479881875230712,,,,2722,1.98,2.33,,,,,
395A,Sector Restructuring Select ETF Regional Banks,0.9,,,,,,,,-0.586830075372266,-0.274915609534175,-0.456571175954992,0.435425498037877,0.0078,88482570,,18.105366,,,0.00921658986175115,0.0301034807149577,0.0369318181818182,0.0186046511627907,0.056949806949807,,,,1095,1.88,1.91,,,,,
1699,NEXT FUNDS NOMURA Crude Oil Long Index Linked Exchange,0.5,,,,,,,,-0.871350172478276,-0.713821750765855,-0.779068107399858,-0.599503446551582,0,80052892.4,,,,,0.0144137976201764,-0.0127805110629079,-0.0317945763052796,-0.0255384615384616,0.043492586490939,,,,633.4,2.2,2.2,,,,,
237A,iShares 25+ Year US Treasury Bond Long Duration ETF,0.14,,,,,,,,-0.245395489923005,-0.748388546259857,-0.742428493357604,0.262768319615177,0.0984,59734420.8,,,,,-0.00401602356757849,0.0143149495258595,0.0170881537668714,0.026915157127624,-0.0368932038834951,,,,148.8,3.45,3.77,,,,,
1632,NEXT FUNDS TOPIX-17 FINANCIALS (EX BANKS) ETF,0.32,46,,,,,,,-0.726581531668697,-0.585353491470443,-0.559378836238645,0.0805313296659064,0.0256,46785680,,14.706692848197,11.7622222512338,1.61139460224349,0.0102803738317757,0.0222222222222222,0.032967032967033,0.0569542899046688,0.00980850070060719,0.299386458054425,-0.173845124502529,0.0939437100741344,43240,1.79,1.98,2.13654259789573,Buy,1.25033284817028,,Expensive
2012,iShares 0-3 Month US Treasury Bond ETF,0.14,,,,,,,,-0.837147479043881,-0.77033340048731,-0.656304325233362,0.157106833947288,0,56734765.5,,,,,0.00082474226804119,0.0012376489730595,0.00455295475453366,0.00289256198347103,-0.0118078421475826,,,,242.7,2.42,2.48,,,,,
2641,Global X Japan Global Leaders ETF,0.275,-1,,,,,,,-0.984272841949723,-0.979741140040028,-0.956046250908426,-0.860629275235438,0.0158,16973370,,20.6776565302042,17.9122504736119,3.42771224594043,0.0166703224391314,0.0231788079470199,0.0286284953395473,0.0436838549876154,0.0719241443108233,0.529990075491134,-0.152819462714962,0.203732281067477,4635,1.79,2.29,1.79163038454507,Buy,1.15438629895592,,
1693,WisdomTree Copper,0.49,,,,,,,,-0.422407623254197,0.253829555408379,0.105338259369054,-0.22138570649209,,72933924,,,,,-0.0210514951959408,0.00576752440106477,0.0235918275200361,0.0025428413488115,0.0240542066629023,,,,9068,2.38,2.11,,,,,
1563,TSE Growth Core ETF,0.5,,,,,,,,3.66323203896413,-0.123061251969918,-0.400875467881138,0.00327347230929642,0,60944952,,29.423727,,,0.0274941084053417,0.0586806960744638,0.0586806960744638,0.0809917355371901,0.162666666666667,,,,2616,1.79,1.88,,,,,
2511,NEXT FUNDS International Bond FTSE World Government Bd Idx ex Jpn UnHdg ETF,0.12,,,,,,,,-0.893487873158735,0.12796583789926,-0.230639209974168,-0.325145478447127,0.0285,77202440,,,,,0.00337268128161889,0.00506756756756757,0.00168350168350168,0.00591715976331361,-0.00791996665277199,,,,1190,2.02,2.56,,,,,
1656,iShares Core 7-10 Year US Treasury Bond ETF,0.14,,,,,,,,-0.879587737747005,0.678355773440783,0.266663432442652,0.283401804455712,0.0374,67799276.8,,,,,-0.0025641025641026,0.00322368714899126,0.00419492135888797,0.00193172532097247,-0.0179867276941201,,,,311.2,3.62,3.36,,,,,
1311,NEXT FUNDS TOPIX Core 30 Exchange Traded Fund,0.19,,,,,,,,-0.289432550807189,0.0749592371698365,-0.313994816084192,-0.100900629224051,0.0231,41355057,,18.5901514969941,19.0275000648143,4.2772229951302,0.0174199623352166,0.02855782960495,0.02855782960495,0.0174199623352166,0.0300285986653956,0.478475512136054,-0.204746422718041,0.176298030119236,2161,2.07,2.07,1.75640206600688,Buy,0.977014922279306,,
2017,iFreeETF JPX Prime 150,0.15,,,,,,,,-0.840858200886582,-0.653634651992324,-0.526744987141067,-0.296531317442449,0.0147,39758000,,21.062971,,,0.0104712041884817,0.0164581961816985,0.0238726790450928,0.0390309555854643,0.0225165562913907,,,,1544,2.07,2.23,,,,,
2510,NEXT FUNDS Japan Bond NOMURA-BPI Exchange Traded Fund,0.07,,,,,,,,-0.207347573277697,-0.975282747428427,-0.542535838007021,-0.48285383335821,0.0092,46774384.8,,,,,-0.00224019912881139,-0.00248850588111725,-0.00248850588111725,0.00300264261689559,-0.0130493511661486,,,,801.7,3.93,3.93,,,,,
233A,iFreeETF India Nifty50,0.35,,,,,,,,0.312872203369115,0.538225941928589,0.668984773916364,1.39580910522799,0.0052,39049150,,,,,-0.000528541226215645,0.000529100529100529,0.00158898305084746,0.0101495726495727,-0.0073490813648294,,,,1891,3.85,3.62,,,,,
1618,NEXT FUNDS TOPIX-17 ENERGY RESOURCES ETF,0.32,-1,,,,,,,-0.284873595505618,-0.5010718113612,-0.375137655091403,-0.0851080917301248,0.022,39290780,,11.5129671711584,11.8927289185663,0.93480515010583,0.00198863636363636,0,-0.00563856780377784,0.0264842840512224,0.0855647891658972,0.224261618290509,-0.102165163314011,0.101499907913398,35270,2.07,2.52,2.2,Buy,0.968067737017441,,Above average
2515,NEXT FUNDS International REIT S&P Developed REIT Index (ex Japan UnHdg) ETF,0.17,,,,,,,,-0.522326416973667,-0.112041559665638,-0.442775869075326,0.142548091651972,0.028,20953322,,23.443914,,,-0.00467836257309942,-0.00931315483119907,-0.00117370892018779,0.000587889476778366,-0.0133333333333333,,,,1702,3.76,2.33,,,,,
2837,Global X Japan Mid & Small Cap Leaders ETF,0.275,-1,,,,,,,-0.937805060695318,-0.924731752075656,-0.945359070480086,-0.61258934555812,0.0077,28385302,,17.12967,,,0.013349763811871,0.0236514522821577,0.0332984293193717,0.0509052183173589,-0.0777570093457944,,,,4934,2.11,2.42,,,,,
1621,NEXT FUNDS TOPIX-17 PHARMACEUTICAL ETF,0.32,-1,,,,,,,-0.174712013165112,-0.172292625102311,-0.209990138925143,0.235657262403737,0.0239,37532560,,17.2314041121616,25.6759710199571,2.38264799504583,0.00258147789609551,0.0120521172638436,0.00745784695201038,0.0183546378236644,0.0745287912848003,0.499524570065698,-0.0830762883461732,0.181462173533512,31070,1.93,1.88,1.97163768586448,Buy,0.671110124667465,,Very good
1627,NEXT FUNDS TOPIX-17 ELECTRIC POWER & GAS ETF,0.32,-1,,,,,,,0.308491574096748,0.878674987542415,0.446549391069012,0.413916192893424,0.0146,49133425,,8.90004824358611,11.0041584687996,0.870758277829404,0.00335148722245496,0.00335148722245496,-0.00291423813488759,0.0481400437636762,0.0476815398075241,0.230133280118926,-0.149556548029979,0.0602744667742627,11975,2.2,2.11,2.47633916514507,Buy,0.808789537957005,,Average
466A,Global X Defense Tech ETF,0.525,,,,,,,,-0.64770811266975,-0.746215858014692,-0.56316919484715,-0.214096587360506,,28560732,,30.749683,,,0.0127272727272727,0.00905797101449275,0.0036036036036036,-0.028770706190061,0.0953785644051131,,,,1114,2.51,2.57,,,,,
2561,iShares Core Japan Government Bond ETF,0.06,,,,,,,,-0.844464121579026,0.553901195097815,-0.102809444375524,-0.379506904022248,0.0125,32176126,,,,,-0.0030241935483871,-0.0030241935483871,-0.0040281973816717,-0.00553041729512318,-0.0188492063492063,,,,1978,4.12,4.02,,,,,
573A,iShares 20+ Year Japan Government Bond ETF,0.07,,,,,,,,-0.783245442994599,-0.703094982029433,-0.84452818326791,-0.567476900019418,,35328333.6,,,,,-0.00733493863591399,-0.00510519122873603,-0.00814334712464407,-0.00122998730623873,-0.0469483795655926,,,,487.2,4.09,4.33,,,,,
2646,Global X Japan Metal Business ETF,0.59,,,,,,,,0.494681295462325,-0.675868446193746,-0.526766187115543,-0.258961192271966,0.0144,32877576,,15.336725,,,0.01025,0.0178841309823678,0.0670715606020597,0.0696135521439915,0.102592087312415,,,,4041,2.2,2.25,,,,,
2093,Listed Tracers US Government Bond 0-2years Ladder (No Currency Hedge),0.06,,,,,,,,-0.849098497730435,0.174560041137382,-0.263386105735165,-0.288698035841919,0.0414,36196015,,,,,0.0005658242172765,0.00169939577039275,0.00397426192278577,0.00321482602118003,-0.0119541593379246,,,,5305,2.82,2.78,,,,,
1689,WisdomTree Natural Gas,0.49,,,,,,,,-0.46939072835458,0.0263823843169522,-0.153656868919609,0.0174571086580663,,32805750,,,,,0.0217983651226158,0.0445682451253482,0.0402219140083218,0.048951048951049,-0.0396927016645327,,,,750,2.91,3.8,,,,,
1622,NEXT FUNDS TOPIX-17 AUTOMOBILES TRANSPORTATION EQUIPMENT ETF,0.32,56,,,,,,,0.225557616030495,-0.789622874044861,-0.605269258793138,0.471511787391283,0.0164,28234800,,10.6167679514275,8.79288166554826,1.05012849227776,0.0124964498721954,0.0059255079006772,-0.000560695262125035,0.051622418879056,0.0789951573849879,0.46465970293995,-0.113051507812567,0.12543775848879,35650,2.07,2.29,2.02878708321747,Buy,1.20742759373477,,Decent
1626,"NEXT FUNDS TOPIX-17 IT & SERVICES,OTHERS ETF",0.32,-1,,,,,,,-0.734019188533118,-0.564342927559194,-0.70368128948456,0.211407283371302,0.0117,12834400,,15.241870555959,23.035250511353,4.54827593837918,0.0158201498751041,0.0196406184705391,0.0334603981363829,0.0465365644434913,0.0966292134831461,0.543647790200446,-0.234816011593078,0.145282937848013,48800,1.98,1.93,1.8853847008741,Buy,0.661675919193804,,Expensive
1486,Listed Index Fund US Bond (No Currency Hedge),0.16,,,,,,,,1.43181961526332,-0.855467511885895,-0.790452711788436,0.0406341616641073,0.0543,29498570,,,,,-0.000420521446593776,0.0042247570764681,0.00613756613756614,0.0029535864978903,-0.0161423841059603,,,,23770,3.58,3.4,,,,,
1617,NEXT FUNDS TOPIX-17 FOODS ETF,0.32,,,,,,,,-0.674746655857317,-0.623090192212913,-0.583878556712512,0.402557888359105,0.0216,28150300,,21.099709,,,0.00121852152721365,0.00142189721714402,-0.000608149199270221,0.0177539223781998,0.0540945050245884,,,,49300,2.38,2.47,,,,,
392A,iShares Nasdaq Top 30 ETF,0.4,,,,,,,,-0.829727045132826,-0.626200629374143,-0.602363609375737,-0.657858947662755,0.0004,28343462,,30.8416401069927,19.6781230097428,19.0167726458287,0.008020460462768,0.0191670196867072,0.0165441176470588,0.00912408759124088,-0.0412621156322065,0.790970815269311,-0.228878663062235,0.262745074198745,276.5,2.2,2.64,1.63502877106453,Buy,1.56730599212754,,
426A,Nissay ETF S&P500 Equal Weight (Currency Unhedged),0.186,,,,,,,,2.42891151527941,-0.7505404912783,-0.872483004833323,0.365654245546415,,26916148,,,,,0.00396196513470682,0.00316706254948535,0.0103668261562998,0.0119808306709265,0.0209880048027219,,,,1267,1.98,1.73,,,,,
1619,NEXT FUNDS TOPIX-17 CONSTRUCTION & MATERIALS ETF,0.32,-1,,,,,,,-0.620255684331593,-0.747528729220127,-0.59905875122351,-0.139384116693679,0.0177,26245000,,13.048091,,,-0.00505716798592788,-0.00264491955036368,0.0104957570343904,0.0253795603897575,-0.079723408582469,,,,45250,4.02,3.04,,,,,Good
1624,NEXT FUNDS TOPIX-17 MACHINERY ETF,0.32,-1,,,,,,,-0.29086935813745,-0.706360213988508,-0.738558826048477,-0.564645048997336,0.0089,22539100,,24.001936,,,0.0049249530956848,-0.00325657129565015,0.0173314339981007,0.0118063754427391,-0.0370786516853933,,,,85700,3.67,3.22,,,,,
