Fund Holdings as of,2026/09/02,,,,,,,,,,,,
 ,,,,,,,,,,,,,
Ticker,Name,Sector,Asset Class,Market Value,Weight (%),Notional Value,Shares,Price,Location,Exchange,Currency,FX Rate,Market Currency
NVDA,NVIDIA,Information Technology,Equity,15699032677.72,8.21,15699032677.72,318322603,-,United States,NASDAQ,JPY,-,USD
AAPL,APPLE,Information Technology,Equity,13785426144.68,7.21,13785426144.68,193031069,-,United States,NASDAQ,JPY,-,USD
MSFT,MICROSOFT,Information Technology,Equity,10659667020.65,5.57,10659667020.65,97629534,-,United States,NASDAQ,JPY,-,USD
AMZN,AMAZON.COM INC,Consumer Discretionary,Equity,7209247696.55,3.77,7209247696.55,128653239,-,United States,NASDAQ,JPY,-,USD
GOOGL,ALPHABET CLASS A,Communication,Equity,5709539473.98,2.99,5709539473.98,77064234,-,United States,NASDAQ,JPY,-,USD
AVGO,BROADCOM INC,Information Technology,Equity,5022102388.98,2.63,5022102388.98,62226173,-,United States,NASDAQ,JPY,-,USD
GOOG,ALPHABET CLASS C,Communication,Equity,4556567046.51,2.38,4556567046.51,62117511,-,United States,NASDAQ,JPY,-,USD
META,META PLATFORMS CLASS A,Communication,Equity,3760413384.9,1.97,3760413384.9,28862063,-,United States,NASDAQ,JPY,-,USD
MU,MICRON TECHNOLOGY,Information Technology,Equity,3114358492.33,1.63,3114358492.33,14822132,-,United States,NASDAQ,JPY,-,USD
TSLA,TESLA INC,Consumer Discretionary,Equity,2903036230.47,1.52,2903036230.47,37000482,-,United States,NASDAQ,JPY,-,USD
JPM,JPMORGAN CHASE & CO,Financials,Equity,2756909540.81,1.44,2756909540.81,35216080,-,United States,New York Stock Exchange Inc.,JPY,-,USD
BRKB,BERKSHIRE HATHAWAY INC CLASS B,Financials,Equity,2675386430.75,1.4,2675386430.75,24094905,-,United States,New York Stock Exchange Inc.,JPY,-,USD
LLY,ELI LILLY,Health Care,Equity,2650618224.21,1.39,2650618224.21,10396728,-,United States,New York Stock Exchange Inc.,JPY,-,USD
AMD,ADVANCED MICRO DEVICES,Information Technology,Equity,2152618771.39,1.13,2152618771.39,21430511,-,United States,NASDAQ,JPY,-,USD
XOM,EXXONMOBIL HOLDINGS CORP,Energy,Equity,1965186275.43,1.03,1965186275.43,54475521,-,United States,New York Stock Exchange Inc.,JPY,-,USD
JNJ,JOHNSON & JOHNSON,Health Care,Equity,1913491953.83,1,1913491953.83,31637204,-,United States,New York Stock Exchange Inc.,JPY,-,USD
V,VISA CLASS A,Financials,Equity,1813979907.33,0.95,1813979907.33,21813104,-,United States,New York Stock Exchange Inc.,JPY,-,USD
MA,MASTERCARD CLASS A,Financials,Equity,1370672932.19,0.72,1370672932.19,10604469,-,United States,New York Stock Exchange Inc.,JPY,-,USD
WMT,WALMART INC,Consumer Staples,Equity,1343364886.42,0.7,1343364886.42,57617994,-,United States,NASDAQ,JPY,-,USD
ABBV,ABBVIE,Health Care,Equity,1335573499.93,0.7,1335573499.93,23220392,-,United States,New York Stock Exchange Inc.,JPY,-,USD
INTC,INTEL CORPORATION,Information Technology,Equity,1284299302.11,0.67,1284299302.11,64896112,-,United States,NASDAQ,JPY,-,USD
CSCO,CISCO SYSTEMS INC,Information Technology,Equity,1248722456.47,0.65,1248722456.47,51912176,-,United States,NASDAQ,JPY,-,USD
COST,COSTCO WHOLESALE CORP,Consumer Staples,Equity,1189771451.38,0.62,1189771451.38,5830821,-,United States,NASDAQ,JPY,-,USD
BAC,BANK OF AMERICA,Financials,Equity,1180471438.59,0.62,1180471438.59,85806730,-,United States,New York Stock Exchange Inc.,JPY,-,USD
CVX,CHEVRON,Energy,Equity,1145142847.91,0.6,1145142847.91,24604376,-,United States,New York Stock Exchange Inc.,JPY,-,USD
PLTR,PALANTIR TECHNOLOGIES CLASS A,Information Technology,Equity,1123831114.29,0.59,1123831114.29,30176619,-,United States,NASDAQ,JPY,-,USD
MRK,MERCK & CO INC,Health Care,Equity,1081761446.58,0.57,1081761446.58,32460199,-,United States,New York Stock Exchange Inc.,JPY,-,USD
CAT,CATERPILLAR INC,Industrials,Equity,1054014180.49,0.55,1054014180.49,6053488,-,United States,New York Stock Exchange Inc.,JPY,-,USD
UNH,UNITEDHEALTH GROUP INC,Health Care,Equity,1048323412.91,0.55,1048323412.91,11935477,-,United States,New York Stock Exchange Inc.,JPY,-,USD
LRCX,LAM RESEARCH,Information Technology,Equity,1041429563.6,0.54,1041429563.6,16435872,-,United States,NASDAQ,JPY,-,USD
NFLX,NETFLIX,Communication,Equity,1006177359.06,0.53,1006177359.06,55341276,-,United States,NASDAQ,JPY,-,USD
AMAT,APPLIED MATERIAL INC,Information Technology,Equity,1005031566.93,0.53,1005031566.93,10430074,-,United States,NASDAQ,JPY,-,USD
PG,PROCTER & GAMBLE,Consumer Staples,Equity,993019846.1,0.52,993019846.1,30604682,-,United States,New York Stock Exchange Inc.,JPY,-,USD
GE,GE AEROSPACE,Industrials,Equity,992943459.96,0.52,992943459.96,13712110,-,United States,New York Stock Exchange Inc.,JPY,-,USD
KO,COCA-COLA,Consumer Staples,Equity,986908954.74,0.52,986908954.74,50891566,-,United States,New York Stock Exchange Inc.,JPY,-,USD
JPY,JPY CASH,Cash and/or Derivatives,Cash,973303187,0.51,973303187,9733032,100,Japan,-,JPY,1,JPY
HD,HOME DEPOT,Consumer Discretionary,Equity,916309062.99,0.48,916309062.99,13090484,-,United States,New York Stock Exchange Inc.,JPY,-,USD
GS,GOLDMAN SACHS GROUP,Financials,Equity,855811238.52,0.45,855811238.52,3877046,-,United States,New York Stock Exchange Inc.,JPY,-,USD
PM,PHILIP MORRIS INTERNATIONAL INC,Consumer Staples,Equity,846033812.34,0.44,846033812.34,20483652,-,United States,New York Stock Exchange Inc.,JPY,-,USD
WFC,WELLS FARGO,Financials,Equity,789049750.4,0.41,789049750.4,40219130,-,United States,New York Stock Exchange Inc.,JPY,-,USD
RTX,RTX,Industrials,Equity,780971915.89,0.41,780971915.89,17699078,-,United States,New York Stock Exchange Inc.,JPY,-,USD
PANW,PALO ALTO NETWORKS,Information Technology,Equity,769437608.44,0.4,769437608.44,10658594,-,United States,NASDAQ,JPY,-,USD
MS,MORGAN STANLEY,Financials,Equity,733402445.95,0.38,733402445.95,15754666,-,United States,New York Stock Exchange Inc.,JPY,-,USD
GEV,GE VERNOVA,Industrials,Equity,715547185.26,0.37,715547185.26,3531644,-,United States,New York Stock Exchange Inc.,JPY,-,USD
ORCL,ORACLE,Information Technology,Equity,714325006.99,0.37,714325006.99,22301279,-,United States,New York Stock Exchange Inc.,JPY,-,USD
AMGN,AMGEN INC,Health Care,Equity,690167889.58,0.36,690167889.58,7091598,-,United States,NASDAQ,JPY,-,USD
TXN,TEXAS INSTRUMENT INC,Information Technology,Equity,669772789.66,0.35,669772789.66,11961055,-,United States,NASDAQ,JPY,-,USD
SNDK,SANDISK,Information Technology,Equity,664425759.72,0.35,664425759.72,1946276,-,United States,NASDAQ,JPY,-,USD
C,CITIGROUP,Financials,Equity,661790437.82,0.35,661790437.82,22415733,-,United States,New York Stock Exchange Inc.,JPY,-,USD
TMO,THERMO FISHER SCIENTIFIC INC,Health Care,Equity,653177900.31,0.34,653177900.31,4884091,-,United States,New York Stock Exchange Inc.,JPY,-,USD
LIN,LINDE PLC,Materials,Equity,650962702.19,0.34,650962702.19,6076548,-,United States,NASDAQ,JPY,-,USD
KLAC,KLA,Information Technology,Equity,649931489.27,0.34,649931489.27,17167930,-,United States,NASDAQ,JPY,-,USD
IBM,INTERNATIONAL BUSINESS MACHINES,Information Technology,Equity,628982589.83,0.33,628982589.83,12352512,-,United States,New York Stock Exchange Inc.,JPY,-,USD
CRM,SALESFORCE,Information Technology,Equity,607078863.61,0.32,607078863.61,10751557,-,United States,New York Stock Exchange Inc.,JPY,-,USD
VZ,VERIZON COMMUNICATIONS INC,Communication,Equity,605665719.98,0.32,605665719.98,54877983,-,United States,New York Stock Exchange Inc.,JPY,-,USD
CRWD,CROWDSTRIKE HOLDINGS CLASS A,Information Technology,Equity,598218071.13,0.31,598218071.13,13381240,-,United States,NASDAQ,JPY,-,USD
APH,AMPHENOL CORP CLASS A,Information Technology,Equity,568809406.46,0.3,568809406.46,16168539,-,United States,New York Stock Exchange Inc.,JPY,-,USD
ABT,ABBOTT LABORATORIES,Health Care,Equity,555938341.53,0.29,555938341.53,22899015,-,United States,New York Stock Exchange Inc.,JPY,-,USD
ANET,ARISTA NETWORKS,Information Technology,Equity,555002611.29,0.29,555002611.29,13570370,-,United States,New York Stock Exchange Inc.,JPY,-,USD
PEP,PEPSICO,Consumer Staples,Equity,554716163.26,0.29,554716163.26,17962859,-,United States,NASDAQ,JPY,-,USD
DIS,WALT DISNEY,Communication,Equity,541577746.84,0.28,541577746.84,22822294,-,United States,New York Stock Exchange Inc.,JPY,-,USD
GILD,GILEAD SCIENCES,Health Care,Equity,536517164.93,0.28,536517164.93,16317640,-,United States,NASDAQ,JPY,-,USD
MCD,MCDONALDS CORP,Consumer Discretionary,Equity,535524145.08,0.28,535524145.08,9337951,-,United States,New York Stock Exchange Inc.,JPY,-,USD
STX,SEAGATE TECHNOLOGY HOLDINGS PLC,Information Technology,Equity,523627003.46,0.27,523627003.46,2946874,-,United States,NASDAQ,JPY,-,USD
MRVL,MARVELL TECHNOLOGY,Information Technology,Equity,522156570.23,0.27,522156570.23,11507128,-,United States,NASDAQ,JPY,-,USD
T,AT&T,Communication,Equity,520800716.21,0.27,520800716.21,91319806,-,United States,New York Stock Exchange Inc.,JPY,-,USD
QCOM,QUALCOMM,Information Technology,Equity,517420629.43,0.27,517420629.43,13852477,-,United States,NASDAQ,JPY,-,USD
SCHW,CHARLES SCHWAB,Financials,Equity,511080579.64,0.27,511080579.64,21485415,-,United States,New York Stock Exchange Inc.,JPY,-,USD
AXP,AMERICAN EXPRESS,Financials,Equity,507242176,0.27,507242176,6994618,-,United States,New York Stock Exchange Inc.,JPY,-,USD
DE,DEERE,Industrials,Equity,506707473.01,0.26,506707473.01,3301430,-,United States,New York Stock Exchange Inc.,JPY,-,USD
ADI,ANALOG DEVICES,Information Technology,Equity,501589601.49,0.26,501589601.49,6416369,-,United States,NASDAQ,JPY,-,USD
NEE,NEXTERA ENERGY,Utilities,Equity,500520195.51,0.26,500520195.51,27406920,-,United States,New York Stock Exchange Inc.,JPY,-,USD
UNP,UNION PACIFIC,Industrials,Equity,496834564.15,0.26,496834564.15,7802947,-,United States,New York Stock Exchange Inc.,JPY,-,USD
WELL,WELLTOWER,Real Estate,Equity,486465145.38,0.25,486465145.38,9277507,-,United States,New York Stock Exchange Inc.,JPY,-,USD
COP,CONOCOPHILLIPS,Energy,Equity,482779514.02,0.25,482779514.02,16011599,-,United States,New York Stock Exchange Inc.,JPY,-,USD
PFE,PFIZER,Health Care,Equity,477527966.76,0.25,477527966.76,74874101,-,United States,New York Stock Exchange Inc.,JPY,-,USD
BA,BOEING,Industrials,Equity,475561023.6,0.25,475561023.6,10360337,-,United States,New York Stock Exchange Inc.,JPY,-,USD
BLK,BLACKROCK,Financials,Equity,461639649.22,0.24,461639649.22,1897401,-,United States,New York Stock Exchange Inc.,JPY,-,USD
UBER,UBER TECHNOLOGIES,Industrials,Equity,449494252.64,0.24,449494252.64,26753152,-,United States,New York Stock Exchange Inc.,JPY,-,USD
WDC,WESTERN DIGITAL CORP,Information Technology,Equity,446897123.82,0.23,446897123.82,4529944,-,United States,NASDAQ,JPY,-,USD
BKNG,BOOKING HOLDINGS,Consumer Discretionary,Equity,446725255,0.23,446725255,10183854,-,United States,NASDAQ,JPY,-,USD
ETN,EATON PLC,Industrials,Equity,438360972.45,0.23,438360972.45,5103384,-,United States,New York Stock Exchange Inc.,JPY,-,USD
TJX,TJX,Consumer Discretionary,Equity,419398112.69,0.22,419398112.69,14533418,-,United States,New York Stock Exchange Inc.,JPY,-,USD
DELL,DELL TECHNOLOGIES INC CLASS C,Information Technology,Equity,411243892.03,0.22,411243892.03,3801874,-,United States,New York Stock Exchange Inc.,JPY,-,USD
VRTX,VERTEX PHARMACEUTICALS,Health Care,Equity,408150253.28,0.21,408150253.28,3335810,-,United States,NASDAQ,JPY,-,USD
NOW,SERVICENOW,Information Technology,Equity,407252716.11,0.21,407252716.11,13554015,-,United States,New York Stock Exchange Inc.,JPY,-,USD
BMY,BRISTOL MYERS SQUIBB,Health Care,Equity,399079398.92,0.21,399079398.92,26838279,-,United States,New York Stock Exchange Inc.,JPY,-,USD
COF,CAPITAL ONE FINANCIAL CORP,Financials,Equity,389321069.28,0.2,389321069.28,8178674,-,United States,New York Stock Exchange Inc.,JPY,-,USD
NEM,NEWMONT,Materials,Equity,385921885.96,0.2,385921885.96,14030634,-,United States,New York Stock Exchange Inc.,JPY,-,USD
DHR,DANAHER,Health Care,Equity,381911613.5,0.2,381911613.5,8278742,-,United States,New York Stock Exchange Inc.,JPY,-,USD
ISRG,INTUITIVE SURGICAL,Health Care,Equity,380422083.73,0.2,380422083.73,4654688,-,United States,NASDAQ,JPY,-,USD
SPGI,S&P GLOBAL,Financials,Equity,378054113.33,0.2,378054113.33,3984791,-,United States,New York Stock Exchange Inc.,JPY,-,USD
PLD,PROLOGIS REIT,Real Estate,Equity,374043840.88,0.2,374043840.88,12460462,-,United States,New York Stock Exchange Inc.,JPY,-,USD
PGR,PROGRESSIVE,Financials,Equity,373642813.63,0.2,373642813.63,7679835,-,United States,New York Stock Exchange Inc.,JPY,-,USD
CVS,CVS HEALTH,Health Care,Equity,358327392.16,0.19,358327392.16,16769191,-,United States,New York Stock Exchange Inc.,JPY,-,USD
CB,CHUBB,Financials,Equity,353629644.42,0.18,353629644.42,4740785,-,United States,New York Stock Exchange Inc.,JPY,-,USD
SBUX,STARBUCKS CORP,Consumer Discretionary,Equity,351299867.09,0.18,351299867.09,14978574,-,United States,NASDAQ,JPY,-,USD
PH,PARKER-HANNIFIN CORP,Industrials,Equity,345723678.73,0.18,345723678.73,1657026,-,United States,New York Stock Exchange Inc.,JPY,-,USD
MDT,MEDTRONIC PLC,Health Care,Equity,341827985.48,0.18,341827985.48,16873604,-,United States,New York Stock Exchange Inc.,JPY,-,USD
MO,ALTRIA GROUP INC,Consumer Staples,Equity,335507032.23,0.18,335507032.23,21946933,-,United States,New York Stock Exchange Inc.,JPY,-,USD
ACN,ACCENTURE PLC CLASS A,Information Technology,Equity,332814420.73,0.17,332814420.73,8068840,-,United States,New York Stock Exchange Inc.,JPY,-,USD
ADBE,ADOBE INC,Information Technology,Equity,326646239.76,0.17,326646239.76,5312284,-,United States,NASDAQ,JPY,-,USD
MPC,MARATHON PETROLEUM,Energy,Equity,326321598.66,0.17,326321598.66,3836920,-,United States,New York Stock Exchange Inc.,JPY,-,USD
GLW,CORNING,Information Technology,Equity,326035150.62,0.17,326035150.62,10293021,-,United States,New York Stock Exchange Inc.,JPY,-,USD
ADP,AUTOMATIC DATA PROCESSING INC,Industrials,Equity,324602910.46,0.17,324602910.46,5253475,-,United States,NASDAQ,JPY,-,USD
LOW,LOWES COMPANIES INC,Consumer Discretionary,Equity,323285249.51,0.17,323285249.51,7360854,-,United States,New York Stock Exchange Inc.,JPY,-,USD
BNY,BANK OF NEW YORK MELLON CORP,Financials,Equity,321241920.21,0.17,321241920.21,9020865,-,United States,New York Stock Exchange Inc.,JPY,-,USD
MCK,MCKESSON CORP,Health Care,Equity,321089147.93,0.17,321089147.93,1579839,-,United States,New York Stock Exchange Inc.,JPY,-,USD
XTSLA,BLK CSH FND TREASURY SL AGENCY,Cash and/or Derivatives,Money Market,316410496.73,0.17,316410496.73,1439735020,-,United States,-,JPY,-,USD
VLO,VALERO ENERGY CORP,Energy,Equity,313985236.72,0.16,313985236.72,3902608,-,United States,New York Stock Exchange Inc.,JPY,-,USD
LMT,LOCKHEED MARTIN CORP,Industrials,Equity,311483590.57,0.16,311483590.57,2666375,-,United States,New York Stock Exchange Inc.,JPY,-,USD
SYK,STRYKER,Health Care,Equity,311216239.08,0.16,311216239.08,4536100,-,United States,New York Stock Exchange Inc.,JPY,-,USD
FCX,FREEPORT MCMORAN INC,Materials,Equity,306976808.19,0.16,306976808.19,18893495,-,United States,New York Stock Exchange Inc.,JPY,-,USD
PSX,PHILLIPS 66,Energy,Equity,296569196.35,0.16,296569196.35,5269344,-,United States,New York Stock Exchange Inc.,JPY,-,USD
BX,BLACKSTONE,Financials,Equity,293571040.27,0.15,293571040.27,9763484,-,United States,New York Stock Exchange Inc.,JPY,-,USD
HWM,HOWMET AEROSPACE,Industrials,Equity,292329765.46,0.15,292329765.46,5258598,-,United States,New York Stock Exchange Inc.,JPY,-,USD
CME,CME GROUP CLASS A,Financials,Equity,290725656.48,0.15,290725656.48,4762433,-,United States,NASDAQ,JPY,-,USD
EQIX,EQUINIX REIT,Real Estate,Equity,290324629.24,0.15,290324629.24,1296091,-,United States,NASDAQ,JPY,-,USD
SO,SOUTHERN,Utilities,Equity,287536535.05,0.15,287536535.05,14815677,-,United States,New York Stock Exchange Inc.,JPY,-,USD
VRT,VERTIV HOLDINGS CLASS A,Industrials,Equity,284786633.94,0.15,284786633.94,5048144,-,United States,New York Stock Exchange Inc.,JPY,-,USD
USB,US BANCORP,Financials,Equity,281425643.69,0.15,281425643.69,20401290,-,United States,New York Stock Exchange Inc.,JPY,-,USD
PNC,PNC FINANCIAL SERVICES GROUP,Financials,Equity,281215581.8,0.15,281215581.8,5277521,-,United States,New York Stock Exchange Inc.,JPY,-,USD
TT,TRANE TECHNOLOGIES PLC,Industrials,Equity,280298948.1,0.15,280298948.1,2905115,-,United States,New York Stock Exchange Inc.,JPY,-,USD
FTNT,FORTINET,Information Technology,Equity,277969170.77,0.15,277969170.77,8184616,-,United States,NASDAQ,JPY,-,USD
CMCSA,COMCAST CLASS A,Communication,Equity,275887648.4,0.14,275887648.4,46824532,-,United States,NASDAQ,JPY,-,USD
INTU,INTUIT,Information Technology,Equity,273939801.78,0.14,273939801.78,3634677,-,United States,NASDAQ,JPY,-,USD
DUK,DUKE ENERGY CORP,Utilities,Equity,271476348.7,0.14,271476348.7,10245934,-,United States,New York Stock Exchange Inc.,JPY,-,USD
CEG,CONSTELLATION ENERGY CORP,Utilities,Equity,267809813.88,0.14,267809813.88,4201490,-,United States,NASDAQ,JPY,-,USD
GD,GENERAL DYNAMICS CORP,Industrials,Equity,266912276.71,0.14,266912276.71,3336025,-,United States,New York Stock Exchange Inc.,JPY,-,USD
WMB,WILLIAMS,Energy,Equity,265499133.08,0.14,265499133.08,16073497,-,United States,New York Stock Exchange Inc.,JPY,-,USD
PWR,QUANTA SERVICES INC,Industrials,Equity,264716175.13,0.14,264716175.13,1972126,-,United States,New York Stock Exchange Inc.,JPY,-,USD
MRSH,MARSH,Financials,Equity,261393377.95,0.14,261393377.95,6332061,-,United States,New York Stock Exchange Inc.,JPY,-,USD
CSX,CSX,Industrials,Equity,261106929.92,0.14,261106929.92,24420896,-,United States,NASDAQ,JPY,-,USD
ICE,INTERCONTINENTAL EXCHANGE INC,Financials,Equity,257841422.35,0.13,257841422.35,7432421,-,United States,New York Stock Exchange Inc.,JPY,-,USD
ELV,ELEVANCE HEALTH INC,Health Care,Equity,254556818.24,0.13,254556818.24,2854025,-,United States,New York Stock Exchange Inc.,JPY,-,USD
MMM,3M,Industrials,Equity,254213080.6,0.13,254213080.6,6854738,-,United States,New York Stock Exchange Inc.,JPY,-,USD
TMUS,T MOBILE US INC,Communication,Equity,251749627.52,0.13,251749627.52,6115781,-,United States,NASDAQ,JPY,-,USD
SLB,SLB,Energy,Equity,251023959.17,0.13,251023959.17,19649054,-,United States,New York Stock Exchange Inc.,JPY,-,USD
APP,APPLOVIN CLASS A,Communication,Equity,247930320.42,0.13,247930320.42,3535851,-,United States,NASDAQ,JPY,-,USD
DASH,DOORDASH CLASS A,Consumer Discretionary,Equity,247281038.21,0.13,247281038.21,4973592,-,United States,NASDAQ,JPY,-,USD
REGN,REGENERON PHARMACEUTICALS,Health Care,Equity,245906087.66,0.13,245906087.66,1313219,-,United States,NASDAQ,JPY,-,USD
JCI,JOHNSON CONTROLS INTERNATIONAL PLC,Industrials,Equity,245390481.2,0.13,245390481.2,8018658,-,United States,New York Stock Exchange Inc.,JPY,-,USD
HOOD,ROBINHOOD MARKETS CLASS A,Financials,Equity,244492944.03,0.13,244492944.03,10398318,-,United States,NASDAQ,JPY,-,USD
CDNS,CADENCE DESIGN SYSTEMS,Information Technology,Equity,244301978.68,0.13,244301978.68,3624869,-,United States,NASDAQ,JPY,-,USD
EMR,EMERSON ELECTRIC,Industrials,Equity,241017374.57,0.13,241017374.57,7361334,-,United States,New York Stock Exchange Inc.,JPY,-,USD
WM,WASTE MANAGEMENT INC,Industrials,Equity,233741594.54,0.12,233741594.54,4855631,-,United States,New York Stock Exchange Inc.,JPY,-,USD
AMT,AMERICAN TOWER REIT,Real Estate,Equity,232691285.09,0.12,232691285.09,6123134,-,United States,New York Stock Exchange Inc.,JPY,-,USD
MDLZ,MONDELEZ INTERNATIONAL INC CLASS A,Consumer Staples,Equity,231545492.96,0.12,231545492.96,16870554,-,United States,NASDAQ,JPY,-,USD
SNPS,SYNOPSYS,Information Technology,Equity,230151445.87,0.12,230151445.87,2517539,-,United States,NASDAQ,JPY,-,USD
MSI,MOTOROLA SOLUTIONS INC,Information Technology,Equity,229597646.34,0.12,229597646.34,2181494,-,United States,New York Stock Exchange Inc.,JPY,-,USD
EOG,EOG RESOURCES,Energy,Equity,229158426.02,0.12,229158426.02,7000283,-,United States,New York Stock Exchange Inc.,JPY,-,USD
TRV,TRAVELERS COMPANIES,Financials,Equity,224918995.14,0.12,224918995.14,2794836,-,United States,New York Stock Exchange Inc.,JPY,-,USD
UPS,UNITED PARCEL SERVICE INC CLASS B,Industrials,Equity,222130900.96,0.12,222130900.96,9812095,-,United States,New York Stock Exchange Inc.,JPY,-,USD
ABNB,AIRBNB CLASS A,Consumer Discretionary,Equity,221214267.25,0.12,221214267.25,5492738,-,United States,NASDAQ,JPY,-,USD
GM,GENERAL MOTORS,Consumer Discretionary,Equity,221023301.9,0.12,221023301.9,11850260,-,United States,New York Stock Exchange Inc.,JPY,-,USD
CMI,CUMMINS INC,Industrials,Equity,219552868.67,0.11,219552868.67,1813486,-,United States,New York Stock Exchange Inc.,JPY,-,USD
SHW,SHERWIN WILLIAMS,Materials,Equity,219438289.45,0.11,219438289.45,3014463,-,United States,New York Stock Exchange Inc.,JPY,-,USD
CI,CIGNA,Health Care,Equity,216020009.6,0.11,216020009.6,3475412,-,United States,New York Stock Exchange Inc.,JPY,-,USD
ROST,ROSS STORES INC,Consumer Discretionary,Equity,214797831.33,0.11,214797831.33,4233815,-,United States,NASDAQ,JPY,-,USD
TGT,TARGET CORP,Consumer Staples,Equity,214434997.15,0.11,214434997.15,5972980,-,United States,New York Stock Exchange Inc.,JPY,-,USD
NSC,NORFOLK SOUTHERN CORP,Industrials,Equity,214110356.05,0.11,214110356.05,2951893,-,United States,New York Stock Exchange Inc.,JPY,-,USD
MCO,MOODYS CORP,Financials,Equity,212620826.28,0.11,212620826.28,1974489,-,United States,New York Stock Exchange Inc.,JPY,-,USD
KKR,KKR AND CO INC,Financials,Equity,212525343.6,0.11,212525343.6,9086387,-,United States,New York Stock Exchange Inc.,JPY,-,USD
MAR,MARRIOTT INTERNATIONAL CLASS A,Consumer Discretionary,Equity,210596593.52,0.11,210596593.52,2876369,-,United States,NASDAQ,JPY,-,USD
CL,COLGATE-PALMOLIVE,Consumer Staples,Equity,208247719.65,0.11,208247719.65,10516589,-,United States,New York Stock Exchange Inc.,JPY,-,USD
ORLY,OREILLY AUTOMOTIVE INC,Consumer Discretionary,Equity,208171333.51,0.11,208171333.51,10891615,-,United States,NASDAQ,JPY,-,USD
BSX,BOSTON SCIENTIFIC CORP,Health Care,Equity,207655727.05,0.11,207655727.05,19534689,-,United States,New York Stock Exchange Inc.,JPY,-,USD
HLT,HILTON WORLDWIDE HOLDINGS,Consumer Discretionary,Equity,204810343.26,0.11,204810343.26,2991812,-,United States,New York Stock Exchange Inc.,JPY,-,USD
ECL,ECOLAB,Materials,Equity,204772150.19,0.11,204772150.19,3328898,-,United States,New York Stock Exchange Inc.,JPY,-,USD
AON,AON PLC CLASS A,Financials,Equity,204103771.44,0.11,204103771.44,2806932,-,United States,New York Stock Exchange Inc.,JPY,-,USD
ITW,ILLINOIS TOOL INC,Industrials,Equity,203473585.77,0.11,203473585.77,3440794,-,United States,New York Stock Exchange Inc.,JPY,-,USD
WBD,WARNER BROS. DISCOVERY SERIES A,Communication,Equity,203225330.81,0.11,203225330.81,32572902,-,United States,NASDAQ,JPY,-,USD
NOC,NORTHROP GRUMMAN CORP,Industrials,Equity,202003152.54,0.11,202003152.54,1754803,-,United States,New York Stock Exchange Inc.,JPY,-,USD
FDX,FEDEX CORP,Industrials,Equity,200704588.13,0.1,200704588.13,2885173,-,United States,New York Stock Exchange Inc.,JPY,-,USD
DDOG,DATADOG INC CLASS A,Information Technology,Equity,199921630.17,0.1,199921630.17,4347854,-,United States,NASDAQ,JPY,-,USD
APD,AIR PRODUCTS AND CHEMICALS,Materials,Equity,199024093,0.1,199024093,2926501,-,United States,New York Stock Exchange Inc.,JPY,-,USD
HPE,HEWLETT PACKARD ENTERPRISE,Information Technology,Equity,198623065.76,0.1,198623065.76,17438339,-,United States,New York Stock Exchange Inc.,JPY,-,USD
SPG,SIMON PROPERTY GROUP REIT INC,Real Estate,Equity,196866184.49,0.1,196866184.49,4261794,-,United States,New York Stock Exchange Inc.,JPY,-,USD
AJG,ARTHUR J GALLAGHER,Financials,Equity,196235998.82,0.1,196235998.82,3376261,-,United States,New York Stock Exchange Inc.,JPY,-,USD
ALL,ALLSTATE CORP,Financials,Equity,195911357.71,0.1,195911357.71,3437455,-,United States,New York Stock Exchange Inc.,JPY,-,USD
LITE,LUMENTUM HOLDINGS,Information Technology,Equity,195624909.68,0.1,195624909.68,1022437,-,United States,NASDAQ,JPY,-,USD
CTAS,CINTAS,Industrials,Equity,194574600.23,0.1,194574600.23,4469573,-,United States,NASDAQ,JPY,-,USD
AEP,AMERICAN ELECTRIC POWER INC,Utilities,Equity,194192669.52,0.1,194192669.52,7150919,-,United States,NASDAQ,JPY,-,USD
RCL,ROYAL CARIBBEAN GROUP,Consumer Discretionary,Equity,191347285.73,0.1,191347285.73,3278069,-,United States,New York Stock Exchange Inc.,JPY,-,USD
COR,CENCORA,Health Care,Equity,189017508.4,0.1,189017508.4,2557026,-,United States,New York Stock Exchange Inc.,JPY,-,USD
HON,HONEYWELL INTERNATIONAL INC,Industrials,Equity,188922025.72,0.1,188922025.72,4171680,-,United States,NASDAQ,JPY,-,USD
TDG,TRANSDIGM GROUP,Industrials,Equity,186439476.11,0.1,186439476.11,735260,-,United States,New York Stock Exchange Inc.,JPY,-,USD
PCAR,PACCAR INC,Industrials,Equity,185656518.15,0.1,185656518.15,6916830,-,United States,NASDAQ,JPY,-,USD
BKR,BAKER HUGHES CLASS A,Energy,Equity,185160008.23,0.1,185160008.23,13035972,-,United States,NASDAQ,JPY,-,USD
DLR,DIGITAL REALTY TRUST REIT,Real Estate,Equity,184644401.77,0.1,184644401.77,4572062,-,United States,New York Stock Exchange Inc.,JPY,-,USD
MNST,MONSTER BEVERAGE,Consumer Staples,Equity,183193065.07,0.1,183193065.07,18766320,-,United States,NASDAQ,JPY,-,USD
TFC,TRUIST FINANCIAL,Financials,Equity,182849327.43,0.1,182849327.43,16374130,-,United States,New York Stock Exchange Inc.,JPY,-,USD
TRGP,TARGA RESOURCES,Energy,Equity,181932693.73,0.1,181932693.73,2821062,-,United States,New York Stock Exchange Inc.,JPY,-,USD
KMI,KINDER MORGAN,Energy,Equity,180786901.6,0.09,180786901.6,25731336,-,United States,New York Stock Exchange Inc.,JPY,-,USD
HCA,HCA HEALTHCARE,Health Care,Equity,180328584.74,0.09,180328584.74,2040825,-,United States,New York Stock Exchange Inc.,JPY,-,USD
CRH,CRH PUBLIC LIMITED PLC,Materials,Equity,178858151.51,0.09,178858151.51,8781822,-,United States,New York Stock Exchange Inc.,JPY,-,USD
URI,UNITED RENTALS,Industrials,Equity,177273139.06,0.09,177273139.06,823232,-,United States,New York Stock Exchange Inc.,JPY,-,USD
APO,APOLLO GLOBAL MANAGEMENT,Financials,Equity,176222829.61,0.09,176222829.61,6061566,-,United States,New York Stock Exchange Inc.,JPY,-,USD
OKE,ONEOK,Energy,Equity,174714203.31,0.09,174714203.31,8280258,-,United States,New York Stock Exchange Inc.,JPY,-,USD
CTVA,CORTEVA,Materials,Equity,173797569.6,0.09,173797569.6,8790151,-,United States,New York Stock Exchange Inc.,JPY,-,USD
NUE,NUCOR,Materials,Equity,173625700.78,0.09,173625700.78,2993019,-,United States,New York Stock Exchange Inc.,JPY,-,USD
MPWR,MONOLITHIC POWER SYSTEMS INC,Information Technology,Equity,173071901.25,0.09,173071901.25,645824,-,United States,NASDAQ,JPY,-,USD
TEL,TE CONNECTIVITY PLC,Information Technology,Equity,170493868.96,0.09,170493868.96,3836387,-,United States,New York Stock Exchange Inc.,JPY,-,USD
D,DOMINION ENERGY,Utilities,Equity,167782160.92,0.09,167782160.92,11558335,-,United States,New York Stock Exchange Inc.,JPY,-,USD
NXPI,NXP SEMICONDUCTORS NV,Information Technology,Equity,166636368.79,0.09,166636368.79,3318214,-,United States,NASDAQ,JPY,-,USD
CAH,CARDINAL HEALTH,Health Care,Equity,166063472.72,0.09,166063472.72,3078055,-,United States,New York Stock Exchange Inc.,JPY,-,USD
O,REALTY INCOME REIT,Real Estate,Equity,165643348.94,0.09,165643348.94,12255445,-,United States,New York Stock Exchange Inc.,JPY,-,USD
DVN,DEVON ENERGY,Energy,Equity,163275378.54,0.09,163275378.54,15152812,-,United States,New York Stock Exchange Inc.,JPY,-,USD
GWW,WW GRAINGER INC,Industrials,Equity,161174759.64,0.08,161174759.64,570795,-,United States,New York Stock Exchange Inc.,JPY,-,USD
F,FORD MOTOR CO,Consumer Discretionary,Equity,159838002.15,0.08,159838002.15,51438344,-,United States,New York Stock Exchange Inc.,JPY,-,USD
KEYS,KEYSIGHT TECHNOLOGIES,Information Technology,Equity,159303299.16,0.08,159303299.16,2254083,-,United States,New York Stock Exchange Inc.,JPY,-,USD
FAST,FASTENAL,Industrials,Equity,158921368.45,0.08,158921368.45,15088162,-,United States,NASDAQ,JPY,-,USD
FIX,COMFORT SYSTEMS USA,Industrials,Equity,158329375.85,0.08,158329375.85,461765,-,United States,New York Stock Exchange Inc.,JPY,-,USD
SRE,SEMPRA,Utilities,Equity,158195700.1,0.08,158195700.1,8591244,-,United States,New York Stock Exchange Inc.,JPY,-,USD
AFL,AFLAC,Financials,Equity,155121157.88,0.08,155121157.88,6020406,-,United States,New York Stock Exchange Inc.,JPY,-,USD
TER,TERADYNE,Information Technology,Equity,154452779.14,0.08,154452779.14,2057383,-,United States,NASDAQ,JPY,-,USD
AME,AMETEK INC,Industrials,Equity,154376393,0.08,154376393,3012276,-,United States,New York Stock Exchange Inc.,JPY,-,USD
MRNA,MODERNA,Health Care,Equity,153822593.47,0.08,153822593.47,4641123,-,United States,NASDAQ,JPY,-,USD
CVNA,CARVANA CLASS A,Consumer Discretionary,Equity,153421566.22,0.08,153421566.22,9413840,-,United States,New York Stock Exchange Inc.,JPY,-,USD
STT,STATE STREET,Financials,Equity,151912939.92,0.08,151912939.92,3637494,-,United States,New York Stock Exchange Inc.,JPY,-,USD
COHR,COHERENT,Information Technology,Equity,151798360.7,0.08,151798360.7,2571299,-,United States,New York Stock Exchange Inc.,JPY,-,USD
EW,EDWARDS LIFESCIENCES,Health Care,Equity,151053595.82,0.08,151053595.82,7567639,-,United States,New York Stock Exchange Inc.,JPY,-,USD
MET,METLIFE,Financials,Equity,150518892.83,0.08,150518892.83,7103399,-,United States,New York Stock Exchange Inc.,JPY,-,USD
BDX,BECTON DICKINSON,Health Care,Equity,149239424.95,0.08,149239424.95,3621287,-,United States,New York Stock Exchange Inc.,JPY,-,USD
DAL,DELTA AIR LINES,Industrials,Equity,147482543.68,0.08,147482543.68,8588012,-,United States,New York Stock Exchange Inc.,JPY,-,USD
ADSK,AUTODESK,Information Technology,Equity,147425254.08,0.08,147425254.08,2775086,-,United States,NASDAQ,JPY,-,USD
PSA,PUBLIC STORAGE REIT,Real Estate,Equity,145993013.91,0.08,145993013.91,2204549,-,United States,New York Stock Exchange Inc.,JPY,-,USD
CIEN,CIENA,Information Technology,Equity,144618063.36,0.08,144618063.36,1858008,-,United States,New York Stock Exchange Inc.,JPY,-,USD
AMP,AMERIPRISE FINANCE INC,Financials,Equity,143586850.44,0.08,143586850.44,1183912,-,United States,New York Stock Exchange Inc.,JPY,-,USD
CMG,CHIPOTLE MEXICAN GRILL,Consumer Discretionary,Equity,142708409.81,0.07,142708409.81,16858666,-,United States,New York Stock Exchange Inc.,JPY,-,USD
FITB,FIFTH THIRD BANCORP,Financials,Equity,142402865.24,0.07,142402865.24,11911418,-,United States,New York Stock Exchange Inc.,JPY,-,USD
ETR,ENTERGY CORP,Utilities,Equity,141180686.97,0.07,141180686.97,6017816,-,United States,New York Stock Exchange Inc.,JPY,-,USD
LHX,L3HARRIS TECHNOLOGIES,Industrials,Equity,140607790.9,0.07,140607790.9,2448334,-,United States,New York Stock Exchange Inc.,JPY,-,USD
HONA,HONEYWELL AEROSPACE INC,Industrials,Equity,139863026.02,0.07,139863026.02,4171680,-,United States,NASDAQ,JPY,-,USD
AZO,AUTOZONE,Consumer Discretionary,Equity,139729350.27,0.07,139729350.27,216671,-,United States,New York Stock Exchange Inc.,JPY,-,USD
PYPL,PAYPAL HOLDINGS,Financials,Equity,139290129.95,0.07,139290129.95,11593293,-,United States,NASDAQ,JPY,-,USD
HUM,HUMANA,Health Care,Equity,139060971.53,0.07,139060971.53,1577996,-,United States,New York Stock Exchange Inc.,JPY,-,USD
WAB,WESTINGHOUSE AIR BRAKE TECHNOLOGIE,Industrials,Equity,137132221.44,0.07,137132221.44,2230115,-,United States,New York Stock Exchange Inc.,JPY,-,USD
EBAY,EBAY,Consumer Discretionary,Equity,136826676.87,0.07,136826676.87,5835324,-,United States,NASDAQ,JPY,-,USD
ROK,ROCKWELL AUTOMATION INC,Industrials,Equity,136712097.66,0.07,136712097.66,1462528,-,United States,New York Stock Exchange Inc.,JPY,-,USD
VMRK,VIVMARK RESIDENTIAL,Real Estate,Equity,136673904.59,0.07,136673904.59,9580778,-,United States,New York Stock Exchange Inc.,JPY,-,USD
XEL,XCEL ENERGY INC,Utilities,Equity,136158298.13,0.07,136158298.13,8204615,-,United States,NASDAQ,JPY,-,USD
NKE,NIKE CLASS B,Consumer Discretionary,Equity,132491763.31,0.07,132491763.31,15764561,-,United States,New York Stock Exchange Inc.,JPY,-,USD
VST,VISTRA,Utilities,Equity,131326874.65,0.07,131326874.65,4165519,-,United States,New York Stock Exchange Inc.,JPY,-,USD
GRMN,GARMIN,Consumer Discretionary,Equity,130811268.19,0.07,130811268.19,2156370,-,United States,New York Stock Exchange Inc.,JPY,-,USD
EXC,EXELON CORP,Utilities,Equity,129951924.09,0.07,129951924.09,13447759,-,United States,NASDAQ,JPY,-,USD
CARR,CARRIER GLOBAL,Industrials,Equity,129837344.88,0.07,129837344.88,10261131,-,United States,New York Stock Exchange Inc.,JPY,-,USD
VTR,VENTAS REIT,Real Estate,Equity,129283545.35,0.07,129283545.35,6389689,-,United States,New York Stock Exchange Inc.,JPY,-,USD
RSG,REPUBLIC SERVICES INC,Industrials,Equity,128519683.93,0.07,128519683.93,2628225,-,United States,New York Stock Exchange Inc.,JPY,-,USD
KDP,KEURIG DR PEPPER INC,Consumer Staples,Equity,128061367.08,0.07,128061367.08,17881428,-,United States,NASDAQ,JPY,-,USD
OXY,OCCIDENTAL PETROLEUM CORP,Energy,Equity,127736725.97,0.07,127736725.97,9542666,-,United States,New York Stock Exchange Inc.,JPY,-,USD
XYZ,BLOCK CLASS A,Financials,Equity,127469374.48,0.07,127469374.48,7033868,-,United States,New York Stock Exchange Inc.,JPY,-,USD
IQV,IQVIA HOLDINGS,Health Care,Equity,127182926.44,0.07,127182926.44,2193509,-,United States,New York Stock Exchange Inc.,JPY,-,USD
FERG,FERGUSON ENTERPRISES INC,Industrials,Equity,123764646.59,0.06,123764646.59,2545743,-,United States,New York Stock Exchange Inc.,JPY,-,USD
A,AGILENT TECHNOLOGIES INC,Health Care,Equity,123573681.23,0.06,123573681.23,3714071,-,United States,New York Stock Exchange Inc.,JPY,-,USD
NDAQ,NASDAQ INC,Financials,Equity,123516391.63,0.06,123516391.63,5871935,-,United States,NASDAQ,JPY,-,USD
IDXX,IDEXX LABORATORIES,Health Care,Equity,122809819.81,0.06,122809819.81,1036775,-,United States,NASDAQ,JPY,-,USD
VEEV,VEEVA SYSTEMS CLASS A,Health Care,Equity,121740413.82,0.06,121740413.82,1973205,-,United States,New York Stock Exchange Inc.,JPY,-,USD
ROP,ROPER TECHNOLOGIES,Information Technology,Equity,121205710.83,0.06,121205710.83,1326415,-,United States,NASDAQ,JPY,-,USD
YUM,YUM BRANDS,Consumer Discretionary,Equity,120422752.88,0.06,120422752.88,3622338,-,United States,New York Stock Exchange Inc.,JPY,-,USD
CBRE,CBRE GROUP CLASS A,Real Estate,Equity,120136304.84,0.06,120136304.84,3848341,-,United States,New York Stock Exchange Inc.,JPY,-,USD
PRU,PRUDENTIAL FINANCIAL INC,Financials,Equity,120117208.31,0.06,120117208.31,4560593,-,United States,New York Stock Exchange Inc.,JPY,-,USD
ADM,ARCHER DANIELS MIDLAND,Consumer Staples,Equity,118952319.64,0.06,118952319.64,6339203,-,United States,New York Stock Exchange Inc.,JPY,-,USD
WDAY,WORKDAY CLASS A,Information Technology,Equity,118188458.22,0.06,118188458.22,2677205,-,United States,NASDAQ,JPY,-,USD
AXON,AXON ENTERPRISE,Industrials,Equity,118035685.94,0.06,118035685.94,1059368,-,United States,NASDAQ,JPY,-,USD
MSCI,MSCI,Financials,Equity,117863817.12,0.06,117863817.12,956698,-,United States,New York Stock Exchange Inc.,JPY,-,USD
WAT,WATERS CORP,Health Care,Equity,116889893.81,0.06,116889893.81,1290406,-,United States,New York Stock Exchange Inc.,JPY,-,USD
AIG,AMERICAN INTERNATIONAL GROUP,Financials,Equity,116584349.24,0.06,116584349.24,6968271,-,United States,New York Stock Exchange Inc.,JPY,-,USD
PAYX,PAYCHEX,Industrials,Equity,115495846.72,0.06,115495846.72,4237889,-,United States,NASDAQ,JPY,-,USD
IBKR,INTERACTIVE BROKERS GROUP INC CLAS,Financials,Equity,114674695.69,0.06,114674695.69,5854867,-,United States,NASDAQ,JPY,-,USD
ED,CONSOLIDATED EDISON,Utilities,Equity,114598309.55,0.06,114598309.55,4843410,-,United States,New York Stock Exchange Inc.,JPY,-,USD
FANG,DIAMONDBACK ENERGY,Energy,Equity,114044510.02,0.06,114044510.02,2551120,-,United States,NASDAQ,JPY,-,USD
MCHP,MICROCHIP TECHNOLOGY INC,Information Technology,Equity,113719868.91,0.06,113719868.91,7112090,-,United States,NASDAQ,JPY,-,USD
SYY,SYSCO,Consumer Staples,Equity,112917814.42,0.06,112917814.42,6284617,-,United States,New York Stock Exchange Inc.,JPY,-,USD
FLEX,FLEX LTD,Information Technology,Equity,112516787.18,0.06,112516787.18,4832300,-,United States,NASDAQ,JPY,-,USD
COIN,COINBASE GLOBAL INC CLASS A,Financials,Equity,112402207.96,0.06,112402207.96,2923204,-,United States,NASDAQ,JPY,-,USD
TTWO,TAKE TWO INTERACTIVE SOFTWARE,Communication,Equity,108659287.01,0.06,108659287.01,2287623,-,United States,NASDAQ,JPY,-,USD
HIG,HARTFORD INSURANCE GROUP,Financials,Equity,108640190.47,0.06,108640190.47,3602718,-,United States,New York Stock Exchange Inc.,JPY,-,USD
DHI,D R HORTON,Consumer Discretionary,Equity,108353742.44,0.06,108353742.44,3466026,-,United States,New York Stock Exchange Inc.,JPY,-,USD
KVUE,KENVUE,Consumer Staples,Equity,106081254.71,0.06,106081254.71,25234044,-,United States,New York Stock Exchange Inc.,JPY,-,USD
PEG,PUBLIC SERVICE ENTERPRISE GROUP,Utilities,Equity,105527455.18,0.06,105527455.18,6549368,-,United States,New York Stock Exchange Inc.,JPY,-,USD
KMB,KIMBERLY CLARK,Consumer Staples,Equity,104782690.3,0.05,104782690.3,4362595,-,United States,NASDAQ,JPY,-,USD
NTAP,NETAPP INC,Information Technology,Equity,103025809.03,0.05,103025809.03,2593528,-,United States,NASDAQ,JPY,-,USD
EXPE,EXPEDIA GROUP,Consumer Discretionary,Equity,101880016.9,0.05,101880016.9,1504949,-,United States,NASDAQ,JPY,-,USD
UAL,UNITED AIRLINES HOLDINGS,Industrials,Equity,101593568.87,0.05,101593568.87,4266311,-,United States,NASDAQ,JPY,-,USD
EQT,EQT,Energy,Equity,100848803.99,0.05,100848803.99,8231655,-,United States,New York Stock Exchange Inc.,JPY,-,USD
DXCM,DEXCOM INC,Health Care,Equity,100065846.03,0.05,100065846.03,5076653,-,United States,NASDAQ,JPY,-,USD
MTB,M&T BANK,Financials,Equity,99607529.18,0.05,99607529.18,1924644,-,United States,New York Stock Exchange Inc.,JPY,-,USD
WEC,WEC ENERGY GROUP,Utilities,Equity,99473853.43,0.05,99473853.43,4280817,-,United States,New York Stock Exchange Inc.,JPY,-,USD
ODFL,OLD DOMINION FREIGHT LINE,Industrials,Equity,99168308.86,0.05,99168308.86,2405158,-,United States,NASDAQ,JPY,-,USD
VMC,VULCAN MATERIALS,Materials,Equity,98900957.36,0.05,98900957.36,1705209,-,United States,New York Stock Exchange Inc.,JPY,-,USD
HBAN,HUNTINGTON BANCSHARES INC,Financials,Equity,98824571.22,0.05,98824571.22,26641838,-,United States,NASDAQ,JPY,-,USD
ACGL,ARCH CAPITAL GROUP,Financials,Equity,98709992.01,0.05,98709992.01,4573299,-,United States,NASDAQ,JPY,-,USD
NTRS,NORTHERN TRUST,Financials,Equity,98347157.84,0.05,98347157.84,2432136,-,United States,NASDAQ,JPY,-,USD
STLD,STEEL DYNAMICS INC,Materials,Equity,96972207.28,0.05,96972207.28,1781681,-,United States,NASDAQ,JPY,-,USD
RMD,RESMED,Health Care,Equity,96723952.32,0.05,96723952.32,1906335,-,United States,New York Stock Exchange Inc.,JPY,-,USD
IRM,IRON MOUNTAIN INC,Real Estate,Equity,96112863.18,0.05,96112863.18,3910291,-,United States,New York Stock Exchange Inc.,JPY,-,USD
KR,KROGER,Consumer Staples,Equity,95387194.83,0.05,95387194.83,7455080,-,United States,New York Stock Exchange Inc.,JPY,-,USD
CCI,CROWN CASTLE INC,Real Estate,Equity,95024360.66,0.05,95024360.66,5736233,-,United States,New York Stock Exchange Inc.,JPY,-,USD
BIIB,BIOGEN,Health Care,Equity,94947974.52,0.05,94947974.52,1940397,-,United States,NASDAQ,JPY,-,USD
EME,EMCOR GROUP,Industrials,Equity,94260499.24,0.05,94260499.24,584108,-,United States,New York Stock Exchange Inc.,JPY,-,USD
GEHC,GE HEALTHCARE TECHNOLOGIES,Health Care,Equity,92713679.86,0.05,92713679.86,5978381,-,United States,NASDAQ,JPY,-,USD
ZTS,ZOETIS INC CLASS A,Health Care,Equity,92236266.47,0.05,92236266.47,5509867,-,United States,New York Stock Exchange Inc.,JPY,-,USD
WTW,WILLIS TOWERS WATSON,Financials,Equity,92140783.8,0.05,92140783.8,1241328,-,United States,NASDAQ,JPY,-,USD
CBOE,CBOE GLOBAL MARKETS,Financials,Equity,91357825.84,0.05,91357825.84,1413422,-,United States,Cboe BZX,JPY,-,USD
JBL,JABIL,Information Technology,Equity,91224150.09,0.05,91224150.09,1386500,-,United States,New York Stock Exchange Inc.,JPY,-,USD
CNC,CENTENE CORP,Health Care,Equity,91205053.56,0.05,91205053.56,6162523,-,United States,New York Stock Exchange Inc.,JPY,-,USD
HAL,HALLIBURTON,Energy,Equity,90804026.31,0.05,90804026.31,10979480,-,United States,New York Stock Exchange Inc.,JPY,-,USD
MLM,MARTIN MARIETTA MATERIALS,Materials,Equity,89677330.72,0.05,89677330.72,789192,-,United States,New York Stock Exchange Inc.,JPY,-,USD
CCL,CARNIVAL CORP LTD,Consumer Discretionary,Equity,88206897.48,0.05,88206897.48,16907440,-,United States,New York Stock Exchange Inc.,JPY,-,USD
RJF,RAYMOND JAMES,Financials,Equity,88149607.88,0.05,88149607.88,2279594,-,United States,New York Stock Exchange Inc.,JPY,-,USD
CTSH,COGNIZANT TECHNOLOGY SOLUTIONS CLA,Information Technology,Equity,86774657.32,0.05,86774657.32,6227781,-,United States,NASDAQ,JPY,-,USD
EXR,EXTRA SPACE STORAGE REIT,Real Estate,Equity,85380610.23,0.04,85380610.23,2776591,-,United States,New York Stock Exchange Inc.,JPY,-,USD
CFG,CITIZENS FINANCIAL GROUP INC,Financials,Equity,85227837.95,0.04,85227837.95,5557855,-,United States,New York Stock Exchange Inc.,JPY,-,USD
PCG,PG&E CORP,Utilities,Equity,84788617.63,0.04,84788617.63,28943105,-,United States,New York Stock Exchange Inc.,JPY,-,USD
AEE,AMEREN,Utilities,Equity,84635845.34,0.04,84635845.34,3637299,-,United States,New York Stock Exchange Inc.,JPY,-,USD
HPQ,HP INC,Information Technology,Equity,84502169.6,0.04,84502169.6,12019747,-,United States,New York Stock Exchange Inc.,JPY,-,USD
ARES,ARES MANAGEMENT CLASS A,Financials,Equity,84120238.89,0.04,84120238.89,2772251,-,United States,New York Stock Exchange Inc.,JPY,-,USD
DG,DOLLAR GENERAL CORP,Consumer Staples,Equity,83260894.79,0.04,83260894.79,2894356,-,United States,New York Stock Exchange Inc.,JPY,-,USD
CPRT,COPART INC,Industrials,Equity,82325164.55,0.04,82325164.55,11647568,-,United States,NASDAQ,JPY,-,USD
LYV,LIVE NATION ENTERTAINMENT,Communication,Equity,82076909.59,0.04,82076909.59,2079765,-,United States,New York Stock Exchange Inc.,JPY,-,USD
ON,ON SEMICONDUCTOR CORP,Information Technology,Equity,81885944.23,0.04,81885944.23,5150710,-,United States,NASDAQ,JPY,-,USD
DTE,DTE ENERGY,Utilities,Equity,81752268.48,0.04,81752268.48,2734067,-,United States,New York Stock Exchange Inc.,JPY,-,USD
TDY,TELEDYNE TECHNOLOGIES INC,Information Technology,Equity,81141179.35,0.04,81141179.35,608907,-,United States,New York Stock Exchange Inc.,JPY,-,USD
ATO,ATMOS ENERGY,Utilities,Equity,80835634.78,0.04,80835634.78,2193768,-,United States,New York Stock Exchange Inc.,JPY,-,USD
VICI,VICI PPTYS INC,Real Estate,Equity,80835634.78,0.04,80835634.78,14362802,-,United States,New York Stock Exchange Inc.,JPY,-,USD
CASY,CASEYS GENERAL STORES INC,Consumer Staples,Equity,80415511,0.04,80415511,485604,-,United States,NASDAQ,JPY,-,USD
FISV,FISERV INC,Financials,Equity,80052676.82,0.04,80052676.82,7008394,-,United States,NASDAQ,JPY,-,USD
MTD,METTLER TOLEDO,Health Care,Equity,79861711.47,0.04,79861711.47,265659,-,United States,New York Stock Exchange Inc.,JPY,-,USD
AWK,AMERICAN WATER WORKS,Utilities,Equity,78677726.27,0.04,78677726.27,2566653,-,United States,New York Stock Exchange Inc.,JPY,-,USD
CPAY,CORPAY,Financials,Equity,78620436.66,0.04,78620436.66,859034,-,United States,New York Stock Exchange Inc.,JPY,-,USD
LH,LABCORP HOLDINGS,Health Care,Equity,78563147.05,0.04,78563147.05,1077794,-,United States,New York Stock Exchange Inc.,JPY,-,USD
OTIS,OTIS WORLDWIDE,Industrials,Equity,78505857.45,0.04,78505857.45,5043043,-,United States,New York Stock Exchange Inc.,JPY,-,USD
IR,INGERSOLL RAND INC,Industrials,Equity,77150003.43,0.04,77150003.43,4680326,-,United States,New York Stock Exchange Inc.,JPY,-,USD
DGX,QUEST DIAGNOSTICS INC,Health Care,Equity,76825362.32,0.04,76825362.32,1451653,-,United States,New York Stock Exchange Inc.,JPY,-,USD
CINF,CINCINNATI FINANCIAL,Financials,Equity,76710783.11,0.04,76710783.11,2033025,-,United States,NASDAQ,JPY,-,USD
ES,EVERSOURCE ENERGY,Utilities,Equity,76596203.9,0.04,76596203.9,4948017,-,United States,New York Stock Exchange Inc.,JPY,-,USD
SYF,SYNCHRONY FINANCIAL,Financials,Equity,76156983.58,0.04,76156983.58,4420937,-,United States,New York Stock Exchange Inc.,JPY,-,USD
HSY,HERSHEY FOODS,Consumer Staples,Equity,75966018.23,0.04,75966018.23,1948093,-,United States,New York Stock Exchange Inc.,JPY,-,USD
WSM,WILLIAMS SONOMA INC,Consumer Discretionary,Equity,75393122.16,0.04,75393122.16,1547334,-,United States,New York Stock Exchange Inc.,JPY,-,USD
PPL,PPL CORP,Utilities,Equity,75049384.52,0.04,75049384.52,9887802,-,United States,New York Stock Exchange Inc.,JPY,-,USD
CNP,CENTERPOINT ENERGY,Utilities,Equity,74762936.49,0.04,74762936.49,8610385,-,United States,New York Stock Exchange Inc.,JPY,-,USD
RF,REGIONS FINANCIAL,Financials,Equity,73769916.64,0.04,73769916.64,11215684,-,United States,New York Stock Exchange Inc.,JPY,-,USD
FICO,FAIR ISAAC,Information Technology,Equity,73617144.36,0.04,73617144.36,304656,-,United States,New York Stock Exchange Inc.,JPY,-,USD
DOV,DOVER CORP,Industrials,Equity,73464372.08,0.04,73464372.08,1769728,-,United States,New York Stock Exchange Inc.,JPY,-,USD
XYL,XYLEM INC,Industrials,Equity,73273406.72,0.04,73273406.72,3123876,-,United States,New York Stock Exchange Inc.,JPY,-,USD
DRI,DARDEN RESTAURANTS INC,Consumer Discretionary,Equity,72795993.33,0.04,72795993.33,1505416,-,United States,New York Stock Exchange Inc.,JPY,-,USD
EL,ESTEE LAUDER INC CLASS A,Consumer Staples,Equity,72242193.8,0.04,72242193.8,3250099,-,United States,New York Stock Exchange Inc.,JPY,-,USD
TPR,TAPESTRY,Consumer Discretionary,Equity,71860263.09,0.04,71860263.09,2655287,-,United States,New York Stock Exchange Inc.,JPY,-,USD
PPG,PPG INDUSTRIES,Materials,Equity,71669297.74,0.04,71669297.74,2929625,-,United States,New York Stock Exchange Inc.,JPY,-,USD
VRSK,VERISK ANALYTICS,Industrials,Equity,71210980.89,0.04,71210980.89,1721935,-,United States,NASDAQ,JPY,-,USD
Q,QNITY ELECTRONICS,Information Technology,Equity,71153691.28,0.04,71153691.28,2751364,-,United States,New York Stock Exchange Inc.,JPY,-,USD
EXPD,EXPEDITORS INTERNATIONAL OF WASHIN,Industrials,Equity,70332540.25,0.04,70332540.25,1718937,-,United States,New York Stock Exchange Inc.,JPY,-,USD
WST,WEST PHARMACEUTICAL SERVICES,Health Care,Equity,69912416.47,0.04,69912416.47,928485,-,United States,New York Stock Exchange Inc.,JPY,-,USD
FE,FIRSTENERGY CORP,Utilities,Equity,69606871.9,0.04,69606871.9,6842030,-,United States,New York Stock Exchange Inc.,JPY,-,USD
ULTA,ULTA BEAUTY INC,Consumer Discretionary,Equity,69415906.55,0.04,69415906.55,572405,-,United States,NASDAQ,JPY,-,USD
DLTR,DOLLAR TREE INC,Consumer Staples,Equity,68995782.77,0.04,68995782.77,2379988,-,United States,NASDAQ,JPY,-,USD
VLTO,VERALTO CORP,Industrials,Equity,68957589.7,0.04,68957589.7,3227896,-,United States,New York Stock Exchange Inc.,JPY,-,USD
HUBB,HUBBELL INC,Industrials,Equity,68709334.74,0.04,68709334.74,694566,-,United States,New York Stock Exchange Inc.,JPY,-,USD
SW,SMURFIT WESTROCK PLC,Materials,Equity,68671141.66,0.04,68671141.66,6887858,-,United States,New York Stock Exchange Inc.,JPY,-,USD
EXE,EXPAND ENERGY,Energy,Equity,68613852.06,0.04,68613852.06,3143318,-,United States,NASDAQ,JPY,-,USD
VRSN,VERISIGN,Information Technology,Equity,68594755.52,0.04,68594755.52,1076496,-,United States,NASDAQ,JPY,-,USD
PHM,PULTEGROUP,Consumer Discretionary,Equity,68060052.53,0.04,68060052.53,2503574,-,United States,New York Stock Exchange Inc.,JPY,-,USD
CHD,CHURCH AND DWIGHT INC,Consumer Staples,Equity,67964569.85,0.04,67964569.85,3114155,-,United States,New York Stock Exchange Inc.,JPY,-,USD
NRG,NRG ENERGY INC,Utilities,Equity,67697218.35,0.04,67697218.35,2773022,-,United States,New York Stock Exchange Inc.,JPY,-,USD
TROW,T ROWE PRICE GROUP,Financials,Equity,67697218.35,0.04,67697218.35,2816169,-,United States,NASDAQ,JPY,-,USD
OMC,OMNICOM GROUP INC,Communication,Equity,67315287.64,0.04,67315287.64,3745836,-,United States,New York Stock Exchange Inc.,JPY,-,USD
STE,STERIS,Health Care,Equity,65252861.81,0.03,65252861.81,1288966,-,United States,New York Stock Exchange Inc.,JPY,-,USD
DOW,DOW,Materials,Equity,65042799.92,0.03,65042799.92,9461590,-,United States,New York Stock Exchange Inc.,JPY,-,USD
KHC,KRAFT HEINZ,Consumer Staples,Equity,64756351.89,0.03,64756351.89,11220618,-,United States,NASDAQ,JPY,-,USD
IFF,INTERNATIONAL FLAVORS & FRAGRANCES,Materials,Equity,64107069.68,0.03,64107069.68,3355252,-,United States,New York Stock Exchange Inc.,JPY,-,USD
EFX,EQUIFAX,Industrials,Equity,63782428.58,0.03,63782428.58,1564865,-,United States,New York Stock Exchange Inc.,JPY,-,USD
FFIV,F5,Information Technology,Equity,63725138.97,0.03,63725138.97,741555,-,United States,NASDAQ,JPY,-,USD
PFG,PRINCIPAL FINANCIAL GROUP INC,Financials,Equity,63190435.98,0.03,63190435.98,2583394,-,United States,NASDAQ,JPY,-,USD
FSLR,FIRST SOLAR,Information Technology,Equity,62865794.87,0.03,62865794.87,1412090,-,United States,NASDAQ,JPY,-,USD
GIS,GENERAL MILLS INC,Consumer Staples,Equity,62560250.3,0.03,62560250.3,7013936,-,United States,New York Stock Exchange Inc.,JPY,-,USD
FIS,FIDELITY NATIONAL INFORMATION SERV,Financials,Equity,62502960.7,0.03,62502960.7,6793047,-,United States,New York Stock Exchange Inc.,JPY,-,USD
INCY,INCYTE CORP,Health Care,Equity,62464767.63,0.03,62464767.63,2206518,-,United States,NASDAQ,JPY,-,USD
GPN,GLOBAL PAYMENTS INC,Financials,Equity,62331091.88,0.03,62331091.88,3055792,-,United States,New York Stock Exchange Inc.,JPY,-,USD
AMCR,AMCOR PLC,Materials,Equity,62331091.88,0.03,62331091.88,6076535,-,United States,New York Stock Exchange Inc.,JPY,-,USD
CF,CF INDUSTRIES HOLDINGS INC,Materials,Equity,61796388.88,0.03,61796388.88,2019012,-,United States,New York Stock Exchange Inc.,JPY,-,USD
TPL,TEXAS PACIFIC LAND,Energy,Equity,61471747.78,0.03,61471747.78,761553,-,United States,New York Stock Exchange Inc.,JPY,-,USD
EIX,EDISON INTERNATIONAL,Utilities,Equity,61338072.03,0.03,61338072.03,5057316,-,United States,New York Stock Exchange Inc.,JPY,-,USD
CMS,CMS ENERGY,Utilities,Equity,60726982.9,0.03,60726982.9,4060158,-,United States,New York Stock Exchange Inc.,JPY,-,USD
BRO,BROWN & BROWN INC,Financials,Equity,60650596.75,0.03,60650596.75,3830905,-,United States,New York Stock Exchange Inc.,JPY,-,USD
SMCI,SUPER MICRO COMPUTER INC,Information Technology,Equity,60134990.3,0.03,60134990.3,7396327,-,United States,NASDAQ,JPY,-,USD
PKG,PACKAGING CORP OF AMERICA,Materials,Equity,59714866.51,0.03,59714866.51,1163586,-,United States,New York Stock Exchange Inc.,JPY,-,USD
RDDT,REDDIT CLASS A,Communication,Equity,59600287.3,0.03,59600287.3,1715559,-,United States,New York Stock Exchange Inc.,JPY,-,USD
BR,BROADRIDGE FINANCIAL SOLUTIONS INC,Industrials,Equity,59485708.09,0.03,59485708.09,1519991,-,United States,New York Stock Exchange Inc.,JPY,-,USD
KEY,KEYCORP,Financials,Equity,58034371.39,0.03,58034371.39,12112273,-,United States,New York Stock Exchange Inc.,JPY,-,USD
WRB,WR BERKLEY,Financials,Equity,57862502.57,0.03,57862502.57,3865259,-,United States,New York Stock Exchange Inc.,JPY,-,USD
VTRS,VIATRIS,Health Care,Equity,57480571.86,0.03,57480571.86,15305365,-,United States,NASDAQ,JPY,-,USD
SBAC,SBA COMMUNICATIONS REIT CORP CLASS,Real Estate,Equity,57117737.69,0.03,57117737.69,1394050,-,United States,NASDAQ,JPY,-,USD
NI,NISOURCE,Utilities,Equity,56984061.94,0.03,56984061.94,6301201,-,United States,New York Stock Exchange Inc.,JPY,-,USD
SNA,SNAP ON INC,Industrials,Equity,56945868.87,0.03,56945868.87,680786,-,United States,New York Stock Exchange Inc.,JPY,-,USD
JBHT,JB HUNT TRANSPORT SERVICES,Industrials,Equity,55991042.09,0.03,55991042.09,978994,-,United States,NASDAQ,JPY,-,USD
IP,INTERNATIONAL PAPER,Materials,Equity,55590014.85,0.03,55590014.85,6969002,-,United States,New York Stock Exchange Inc.,JPY,-,USD
ZBH,ZIMMER BIOMET HOLDINGS,Health Care,Equity,55590014.85,0.03,55590014.85,2542480,-,United States,New York Stock Exchange Inc.,JPY,-,USD
CDW,CDW,Information Technology,Equity,54864346.5,0.03,54864346.5,1678943,-,United States,NASDAQ,JPY,-,USD
GPC,GENUINE PARTS,Consumer Discretionary,Equity,54520608.86,0.03,54520608.86,1808762,-,United States,New York Stock Exchange Inc.,JPY,-,USD
LUV,SOUTHWEST AIRLINES,Industrials,Equity,54501512.32,0.03,54501512.32,6423767,-,United States,New York Stock Exchange Inc.,JPY,-,USD
EVRG,EVERGY,Utilities,Equity,53775843.97,0.03,53775843.97,3029560,-,United States,NASDAQ,JPY,-,USD
L,LOEWS,Financials,Equity,53088368.7,0.03,53088368.7,2217549,-,United States,New York Stock Exchange Inc.,JPY,-,USD
TSCO,TRACTOR SUPPLY,Consumer Discretionary,Equity,52801920.66,0.03,52801920.66,6892719,-,United States,NASDAQ,JPY,-,USD
CHTR,CHARTER COMMUNICATIONS CLASS A,Communication,Equity,52534569.17,0.03,52534569.17,1503659,-,United States,NASDAQ,JPY,-,USD
DD,DUPONT DE NEMOURS,Industrials,Equity,52381796.88,0.03,52381796.88,1793378,-,United States,New York Stock Exchange Inc.,JPY,-,USD
STZ,CONSTELLATION BRANDS CLASS A,Consumer Staples,Equity,52095348.85,0.03,52095348.85,1832861,-,United States,New York Stock Exchange Inc.,JPY,-,USD
LEN,LENNAR A CLASS A,Consumer Discretionary,Equity,51961673.1,0.03,51961673.1,2828850,-,United States,New York Stock Exchange Inc.,JPY,-,USD
ESS,ESSEX PROPERTY TRUST REIT,Real Estate,Equity,51465163.18,0.03,51465163.18,844488,-,United States,New York Stock Exchange Inc.,JPY,-,USD
LNT,ALLIANT ENERGY CORP,Utilities,Equity,50510336.4,0.03,50510336.4,3392565,-,United States,NASDAQ,JPY,-,USD
J,JACOBS SOLUTIONS INC,Industrials,Equity,50109309.16,0.03,50109309.16,1550272,-,United States,New York Stock Exchange Inc.,JPY,-,USD
FTV,FORTIVE,Industrials,Equity,49841957.66,0.03,49841957.66,4006631,-,United States,New York Stock Exchange Inc.,JPY,-,USD
PTC,PTC,Information Technology,Equity,49746474.98,0.03,49746474.98,1518018,-,United States,NASDAQ,JPY,-,USD
LYB,LYONDELLBASELL INDUSTRIES CLASS A,Materials,Equity,49708281.91,0.03,49708281.91,3398263,-,United States,New York Stock Exchange Inc.,JPY,-,USD
NVR,NVR,Consumer Discretionary,Equity,49498220.02,0.03,49498220.02,35594,-,United States,New York Stock Exchange Inc.,JPY,-,USD
CHRW,CH ROBINSON WORLDWIDE,Industrials,Equity,49440930.41,0.03,49440930.41,1549303,-,United States,NASDAQ,JPY,-,USD
BBY,BEST BUY,Consumer Discretionary,Equity,49135385.85,0.03,49135385.85,2569743,-,United States,New York Stock Exchange Inc.,JPY,-,USD
GEN,GEN DIGITAL,Information Technology,Equity,48944420.49,0.03,48944420.49,7265539,-,United States,NASDAQ,JPY,-,USD
BALL,BALL CORP,Materials,Equity,48677068.99,0.03,48677068.99,3499265,-,United States,New York Stock Exchange Inc.,JPY,-,USD
LDOS,LEIDOS HOLDINGS,Industrials,Equity,48600682.85,0.03,48600682.85,1653119,-,United States,New York Stock Exchange Inc.,JPY,-,USD
NDSN,NORDSON,Industrials,Equity,48562489.78,0.03,48562489.78,697911,-,United States,NASDAQ,JPY,-,USD
ZBRA,ZEBRA TECHNOLOGIES CORP CLASS A,Information Technology,Equity,48314234.82,0.03,48314234.82,626113,-,United States,NASDAQ,JPY,-,USD
WY,WEYERHAEUSER REIT,Real Estate,Equity,48295138.28,0.03,48295138.28,9476400,-,United States,New York Stock Exchange Inc.,JPY,-,USD
BG,BUNGE GLOBAL SA,Consumer Staples,Equity,48180559.07,0.03,48180559.07,1784657,-,United States,New York Stock Exchange Inc.,JPY,-,USD
IEX,IDEX,Industrials,Equity,48008690.25,0.03,48008690.25,972749,-,United States,New York Stock Exchange Inc.,JPY,-,USD
ALB,ALBEMARLE CORP,Materials,Equity,46920187.73,0.02,46920187.73,1550108,-,United States,New York Stock Exchange Inc.,JPY,-,USD
KIM,KIMCO REALTY REIT CORP,Real Estate,Equity,46901091.19,0.02,46901091.19,8863288,-,United States,New York Stock Exchange Inc.,JPY,-,USD
TYL,TYLER TECHNOLOGIES,Information Technology,Equity,45659816.39,0.02,45659816.39,554325,-,United States,New York Stock Exchange Inc.,JPY,-,USD
APA,APA,Energy,Equity,45621623.31,0.02,45621623.31,4645411,-,United States,NASDAQ,JPY,-,USD
INVH,INVITATION HOMES,Real Estate,Equity,45526140.64,0.02,45526140.64,7182809,-,United States,New York Stock Exchange Inc.,JPY,-,USD
TSN,TYSON FOODS INC CLASS A,Consumer Staples,Equity,45468851.03,0.02,45468851.03,3707815,-,United States,New York Stock Exchange Inc.,JPY,-,USD
AKAM,AKAMAI TECHNOLOGIES INC,Information Technology,Equity,44132093.54,0.02,44132093.54,1910887,-,United States,NASDAQ,JPY,-,USD
SWK,STANLEY BLACK & DECKER INC,Industrials,Equity,43540100.94,0.02,43540100.94,2044573,-,United States,New York Stock Exchange Inc.,JPY,-,USD
MAA,MID AMERICA APARTMENT COMMUNITIES,Real Estate,Equity,43234556.38,0.02,43234556.38,1529709,-,United States,New York Stock Exchange Inc.,JPY,-,USD
EG,EVEREST GROUP,Financials,Equity,43234556.38,0.02,43234556.38,520081,-,United States,New York Stock Exchange Inc.,JPY,-,USD
AIZ,ASSURANT INC,Financials,Equity,42413405.35,0.02,42413405.35,679238,-,United States,New York Stock Exchange Inc.,JPY,-,USD
RVTY,REVVITY,Health Care,Equity,42184246.92,0.02,42184246.92,1466240,-,United States,New York Stock Exchange Inc.,JPY,-,USD
DOC,HEALTHPEAK PROPERTIES INC,Real Estate,Equity,41878702.36,0.02,41878702.36,9060897,-,United States,New York Stock Exchange Inc.,JPY,-,USD
MAS,MASCO,Industrials,Equity,41324902.83,0.02,41324902.83,2651251,-,United States,New York Stock Exchange Inc.,JPY,-,USD
HST,HOST HOTELS & RESORTS REIT,Real Estate,Equity,40675620.62,0.02,40675620.62,8370997,-,United States,NASDAQ,JPY,-,USD
IVZ,INVESCO LTD,Financials,Equity,40618331.01,0.02,40618331.01,5826200,-,United States,New York Stock Exchange Inc.,JPY,-,USD
CRL,CHARLES RIVER LABORATORIES INTERNA,Health Care,Equity,40599234.48,0.02,40599234.48,633057,-,United States,New York Stock Exchange Inc.,JPY,-,USD
SJM,JM SMUCKER,Consumer Staples,Equity,40484655.26,0.02,40484655.26,1401643,-,United States,New York Stock Exchange Inc.,JPY,-,USD
TXT,TEXTRON INC,Industrials,Equity,39797179.99,0.02,39797179.99,2285345,-,United States,New York Stock Exchange Inc.,JPY,-,USD
TRMB,TRIMBLE INC,Information Technology,Equity,39797179.99,0.02,39797179.99,3063856,-,United States,NASDAQ,JPY,-,USD
FDXF,FEDEX FREIGHT HOLDING COMPANY INC,Industrials,Equity,39682600.77,0.02,39682600.77,1426349,-,United States,New York Stock Exchange Inc.,JPY,-,USD
MKC,MCCORMICK & CO NON-VOTING,Consumer Staples,Equity,39548925.02,0.02,39548925.02,3344478,-,United States,New York Stock Exchange Inc.,JPY,-,USD
COO,COOPER,Health Care,Equity,39300670.06,0.02,39300670.06,2564203,-,United States,NASDAQ,JPY,-,USD
SOLV,SOLVENTUM,Health Care,Equity,39071511.64,0.02,39071511.64,1934709,-,United States,New York Stock Exchange Inc.,JPY,-,USD
GDDY,GODADDY CLASS A,Information Technology,Equity,38956932.42,0.02,38956932.42,1740231,-,United States,New York Stock Exchange Inc.,JPY,-,USD
FOXA,FOX CLASS A,Communication,Equity,38899642.82,0.02,38899642.82,2621728,-,United States,NASDAQ,JPY,-,USD
GL,GLOBE LIFE,Financials,Equity,38880546.28,0.02,38880546.28,1020426,-,United States,New York Stock Exchange Inc.,JPY,-,USD
AVY,AVERY DENNISON CORP,Materials,Equity,38536808.64,0.02,38536808.64,1005153,-,United States,New York Stock Exchange Inc.,JPY,-,USD
ALLE,ALLEGION PLC,Industrials,Equity,38498615.57,0.02,38498615.57,1129443,-,United States,New York Stock Exchange Inc.,JPY,-,USD
LVS,LAS VEGAS SANDS,Consumer Discretionary,Equity,38364939.82,0.02,38364939.82,3918686,-,United States,New York Stock Exchange Inc.,JPY,-,USD
BAX,BAXTER INTERNATIONAL,Health Care,Equity,38326746.75,0.02,38326746.75,6787159,-,United States,New York Stock Exchange Inc.,JPY,-,USD
RL,RALPH LAUREN CLASS A,Consumer Discretionary,Equity,37562885.33,0.02,37562885.33,507898,-,United States,New York Stock Exchange Inc.,JPY,-,USD
CSGP,COSTAR GROUP,Real Estate,Equity,36875410.05,0.02,36875410.05,5366788,-,United States,NASDAQ,JPY,-,USD
SGAFT,CASH COLLATERAL USD SGAFT,Cash and/or Derivatives,Cash Collateral and Margins,36512575.88,0.02,36512575.88,166142000,-,United States,-,JPY,-,USD
LULU,LULULEMON ATHLETICA,Consumer Discretionary,Equity,36321610.52,0.02,36321610.52,1376291,-,United States,NASDAQ,JPY,-,USD
REG,REGENCY CENTERS REIT CORP,Real Estate,Equity,36207031.31,0.02,36207031.31,2173036,-,United States,NASDAQ,JPY,-,USD
HAS,HASBRO,Consumer Discretionary,Equity,36130645.17,0.02,36130645.17,1758120,-,United States,NASDAQ,JPY,-,USD
IT,GARTNER,Information Technology,Equity,36111548.63,0.02,36111548.63,879952,-,United States,New York Stock Exchange Inc.,JPY,-,USD
TKO,TKO GROUP HOLDINGS INC CLASS A,Communication,Equity,34526536.19,0.02,34526536.19,827747,-,United States,New York Stock Exchange Inc.,JPY,-,USD
DECK,DECKERS OUTDOOR,Consumer Discretionary,Equity,34450150.05,0.02,34450150.05,1871861,-,United States,New York Stock Exchange Inc.,JPY,-,USD
JKHY,JACK HENRY AND ASSOCIATES INC,Financials,Equity,34278281.23,0.02,34278281.23,933716,-,United States,NASDAQ,JPY,-,USD
LII,LENNOX INTERNATIONAL,Industrials,Equity,34201895.08,0.02,34201895.08,416087,-,United States,New York Stock Exchange Inc.,JPY,-,USD
ECHO,ECHOSTAR CLASS A,Communication,Equity,34125508.94,0.02,34125508.94,1791022,-,United States,NASDAQ,JPY,-,USD
PNW,PINNACLE WEST,Utilities,Equity,34087315.87,0.02,34087315.87,1592597,-,United States,New York Stock Exchange Inc.,JPY,-,USD
CLX,CLOROX,Consumer Staples,Equity,33037006.42,0.02,33037006.42,1594963,-,United States,New York Stock Exchange Inc.,JPY,-,USD
HII,HUNTINGTON INGALLS INDUSTRIES,Industrials,Equity,32846041.06,0.02,32846041.06,517579,-,United States,New York Stock Exchange Inc.,JPY,-,USD
TECH,BIO TECHNE,Health Care,Equity,32807847.99,0.02,32807847.99,2064672,-,United States,NASDAQ,JPY,-,USD
NWSA,NEWS CLASS A,Communication,Equity,32311338.07,0.02,32311338.07,4795668,-,United States,NASDAQ,JPY,-,USD
FDS,FACTSET RESEARCH SYSTEMS,Financials,Equity,32196758.86,0.02,32196758.86,478751,-,United States,New York Stock Exchange Inc.,JPY,-,USD
SWKS,SKYWORKS SOLUTIONS,Information Technology,Equity,31241932.08,0.02,31241932.08,1983054,-,United States,NASDAQ,JPY,-,USD
UDR,UDR REIT,Real Estate,Equity,31241932.08,0.02,31241932.08,3885979,-,United States,New York Stock Exchange Inc.,JPY,-,USD
GNRC,GENERAC HOLDINGS,Industrials,Equity,30764518.69,0.02,30764518.69,774278,-,United States,New York Stock Exchange Inc.,JPY,-,USD
DPZ,DOMINOS PIZZA,Consumer Discretionary,Equity,30649939.48,0.02,30649939.48,402239,-,United States,NASDAQ,JPY,-,USD
CPT,CAMDEN PROPERTY TRUST REIT,Real Estate,Equity,30630842.95,0.02,30630842.95,1320981,-,United States,New York Stock Exchange Inc.,JPY,-,USD
ALGN,ALIGN TECHNOLOGY,Health Care,Equity,30611746.41,0.02,30611746.41,875445,-,United States,NASDAQ,JPY,-,USD
AES,AES,Utilities,Equity,30554456.8,0.02,30554456.8,9393725,-,United States,New York Stock Exchange Inc.,JPY,-,USD
ROL,ROLLINS INC,Industrials,Equity,30401684.52,0.02,30401684.52,3873223,-,United States,New York Stock Exchange Inc.,JPY,-,USD
PODD,INSULET,Health Care,Equity,29637823.1,0.02,29637823.1,910254,-,United States,NASDAQ,JPY,-,USD
BEN,FRANKLIN TEMPLETON,Financials,Equity,29236795.85,0.02,29236795.85,4029299,-,United States,New York Stock Exchange Inc.,JPY,-,USD
BXP,BXP,Real Estate,Equity,28702092.86,0.02,28702092.86,1946044,-,United States,New York Stock Exchange Inc.,JPY,-,USD
PNR,PENTAIR,Industrials,Equity,27938231.44,0.01,27938231.44,2123953,-,United States,New York Stock Exchange Inc.,JPY,-,USD
APTV,APTIV PLC,Consumer Discretionary,Equity,27518107.66,0.01,27518107.66,2781264,-,United States,New York Stock Exchange Inc.,JPY,-,USD
FRT,FEDERAL REALTY INVESTMENT TRUST RE,Real Estate,Equity,26830632.38,0.01,26830632.38,1035464,-,United States,New York Stock Exchange Inc.,JPY,-,USD
UHS,UNIVERSAL HEALTH SERVICES INC CLAS,Health Care,Equity,25780322.93,0.01,25780322.93,700354,-,United States,New York Stock Exchange Inc.,JPY,-,USD
HSIC,HENRY SCHEIN,Health Care,Equity,25283813,0.01,25283813,1272518,-,United States,NASDAQ,JPY,-,USD
FOX,FOX CLASS B,Communication,Equity,24214407.02,0.01,24214407.02,1827462,-,United States,NASDAQ,JPY,-,USD
ARE,ALEXANDRIA REAL ESTATE EQUITIES RE,Real Estate,Equity,23794283.24,0.01,23794283.24,2054447,-,United States,New York Stock Exchange Inc.,JPY,-,USD
MOS,MOSAIC,Materials,Equity,23736993.63,0.01,23736993.63,4190255,-,United States,New York Stock Exchange Inc.,JPY,-,USD
MGM,MGM RESORTS INTERNATIONAL,Consumer Discretionary,Equity,23030421.82,0.01,23030421.82,2529788,-,United States,New York Stock Exchange Inc.,JPY,-,USD
WYNN,WYNN RESORTS,Consumer Discretionary,Equity,22171077.72,0.01,22171077.72,1102277,-,United States,NASDAQ,JPY,-,USD
NCLH,NORWEGIAN CRUISE LINE HOLDINGS,Consumer Discretionary,Equity,20528775.66,0.01,20528775.66,6001114,-,United States,New York Stock Exchange Inc.,JPY,-,USD
BLDR,BUILDERS FIRSTSOURCE INC,Industrials,Equity,19593045.42,0.01,19593045.42,1413761,-,United States,New York Stock Exchange Inc.,JPY,-,USD
AOS,A O SMITH,Industrials,Equity,19172921.64,0.01,19172921.64,1471497,-,United States,New York Stock Exchange Inc.,JPY,-,USD
ERIE,ERIE INDEMNITY CLASS A,Financials,Equity,19020149.36,0.01,19020149.36,334772,-,United States,NASDAQ,JPY,-,USD
TAP,MOLSON COORS BREWING CLASS B,Consumer Staples,Equity,18790990.93,0.01,18790990.93,2108433,-,United States,New York Stock Exchange Inc.,JPY,-,USD
HRL,HORMEL FOODS CORP,Consumer Staples,Equity,18638218.65,0.01,18638218.65,3847392,-,United States,New York Stock Exchange Inc.,JPY,-,USD
TTD,TRADE DESK INC CLASS A,Communication,Equity,17950743.37,0.01,17950743.37,5611866,-,United States,NASDAQ,JPY,-,USD
DVA,DAVITA INC,Health Care,Equity,16633082.42,0.01,16633082.42,421976,-,United States,New York Stock Exchange Inc.,JPY,-,USD
BFB,BROWN FORMAN CLASS B,Consumer Staples,Equity,13310285.24,0.01,13310285.24,2212635,-,United States,New York Stock Exchange Inc.,JPY,-,USD
NWS,NEWS CLASS B,Communication,Equity,11973527.76,0.01,11973527.76,1583477,-,United States,NASDAQ,JPY,-,USD
PSKY,PARAMOUNT SKYDANCE CORP CLASS B,Communication,Equity,9911101.93,0.01,9911101.93,4113523,-,United States,NASDAQ,JPY,-,USD
MARGIN_USD,FUTURES USD MARGIN BALANCE,Cash and/or Derivatives,Cash Collateral and Margins,103659.85,0,103659.85,653,-,United States,-,JPY,-,USD
HOLX,HOLOGIC INC,Health Care,Equity,0,0,0,2843388,-,United States,NO MARKET (E.G. UNLISTED),JPY,-,USD
ESU6,S&P500 EMINI SEP 26,Cash and/or Derivatives,Futures,0,0,0,5809,-,-,Index And Options Market,JPY,-,USD
ETD_USD,ETD USD BALANCE WITH R93538,Cash and/or Derivatives,Cash,-103656.68,0,-103656.68,-653,-,United States,-,JPY,-,USD
USD,USD/JPY,Cash and/or Derivatives,FX,-3237671.4,0,-3237671.4,-3237671,1,Japan,-,JPY,1,JPY
USD,USD CASH,Cash and/or Derivatives,Cash,-584926895.27,-0.31,-584926895.27,-4482049,-,United States,-,JPY,-,USD
 ,,,,,,,,,,,,,
